productId,productname,description,price,demoprice,brand,image,category,subcategory,stock
kb-0001,Cowhead Pure Milk 1 ltr,Cowhead Pure Milk,319,329,Cowhead,https://lh3.google.com/u/0/d/1HDzgn-G7ht_cJQebwuMvvRUlHsSdTRvH=w948-h948-p-k-nu-iv1,Dairy,Liquid & UHT Milk,1000
kb-0002,Marks Full Cream Milk Powder 1 kg,MARKS Full Cream Milk Powder is nutritious and contains all the goodness of cow’s milk. It is loved by consumers of all ages.,780,790,Marks,https://lh3.google.com/u/0/d/19wqdzI-axR4wiVuKP-0o0DYGBEV8DO3B=w948-h948-p-k-nu-iv1,Dairy,Powder Milk & Cream,1000
kb-0003,Aarong Dairy Pasteurized Milk 500 ml,Aarong Dairy Pasteurized Milk,35,45,Aarong,https://lh3.google.com/u/0/d/1d0fbkUQ9_OFv6QghFUz0EtL21uBx29JN=w948-h948-p-k-nu-iv1,Dairy,Liquid & UHT Milk,1000
kb-0004,Aarong Butter 200 gm,"Aarong butter is a dairy product made by fresh or fermented cream or milk, to separate the butterfat from the buttermilk. It is generally used as a spread as well as in cooking.",240,250,Aarong,https://lh3.google.com/u/0/d/1p4yh3wfFDrRUxqezRckbo5iSQFZQlcPH=w948-h948-p-k-nu-iv1,Dairy,Butter & Sour cream,1000
kb-0005,Dano Daily Pusti Milk Powder 1 kg,Dano Daily Pusti Milk Powder,700,710,Dano,https://lh3.google.com/u/0/d/1J1mQedqaRmTcx-DJzizyTofhbfpX2WVW=w948-h948-p-k-nu-iv1,Dairy,Powder Milk & Cream,1000
kb-0006,Starship Condensed Milk 397 gm,"Starship sweetened condensed milk is homogenized and pasteurized to guarantee quality. Starship sweetened condensed filled milk adds taste and flavor to Tea, Coffee and Milk beverage. You can also use it in Pudding.",80,90,Starship,https://lh3.google.com/u/0/d/1kWeIFtQYqSofnRIEzoGrcGrSBuO0t-LH=w948-h948-p-k-nu-iv1,Dairy,Powder Milk & Cream,1000
kb-0007,Aarong Laban 250 ml,Aarong Dairy’s milk-based beverages are tasty and nutritious. It adds a whole lot of goodness to every occasion.,25,35,Aarong,https://lh3.google.com/u/0/d/1JH3T8ocitxVw32dFpPbWQZ6MqFc7_GKq=w948-h948-p-k-nu-iv1,Dairy,Borhani,1000
kb-0008,Dano Power Full Cream Milk Powder (Poly) 1 kg,"Provide the essential energy and nutrition your family needs for growth and strong health. Good source of vitamins, minerals, and protein. Fortified with extra calcium for strong bones and teeth. A useful flavor enhancer for soups, creamy sauces, curries, or desserts.",910,920,Dano,https://lh3.google.com/u/0/d/16aTEB9np3IEn3IBfYMBqA-e0KrEZrC-c=w948-h948-p-k-nu-iv1,Dairy,Powder Milk & Cream,1000
kb-0009,Diploma Instant Full Cream Milk Powder (Foil Pack) 200 gm,"Diploma Instant Full Cream Milk Powder provides all the cooking benefits of fresh full cream milk in a convenient powdered form. No need to refrigerate and it’s simple and easy to use – just add water for instant milk. A useful flavour enhancer for soups, creamy sauces, curries or desserts.",170,180,Diploma,https://lh3.google.com/u/0/d/1QQrkjMhAaTnHw6cCZZaH98YLmXTcvYgM=w948-h948-p-k-nu-iv1,Dairy,Powder Milk & Cream,1000
kb-0010,Aarong Dairy Pasteurized Milk 1 ltr,Aarong Dairy Pasteurized Milk,80,90,Aarong,https://lh3.google.com/u/0/d/140EnmAIa0BOvyi7uS0LX1URrj6nznoAM=w948-h948-p-k-nu-iv1,Dairy,Liquid & UHT Milk,1000
kb-0011,Dano Daily Pusti Milk Powder 500 gm,Dano Daily Pusti Milk Powder,365,375,Dano,https://lh3.google.com/u/0/d/1-NzaSYB6hgf0Vd-mwkjvOgRVjZqmvoZe=w948-h948-p-k-nu-iv1,Dairy,Powder Milk & Cream,1000
kb-0012,Aarong Dairy Sour Yogurt 500 ml,"Aarong Dairy sour yogurt boosts Immunity Level, prevents cold. It is also useful for better digestion and strengthening the bones.",100,110,Aarong,https://lh3.google.com/u/0/d/1mwa2f6PJ8n1DlPKXfilSwMDhebvnisOv=w948-h948-p-k-nu-iv1,Dairy,Yogurt,1000
kb-0013,Marks Full Cream Milk Powder 250 gm,Marks Full Cream Milk Powde,210,220,Marks,https://lh3.google.com/u/0/d/1KQcQqCGW3zXt28_ArEttWopfXvDGJBZg=w948-h948-p-k-nu-iv1,Dairy,Powder Milk & Cream,1000
kb-0014,Milk Vita Pasteurized Milk 500 ml,Milk Vita Pasteurized Milk,40,50,Milk Vita,https://lh3.google.com/u/0/d/15wBHVYp93ISjWR2A8puvv5IL8KUUEMiF=w948-h948-p-k-nu-iv1,Dairy,Liquid & UHT Milk,1000
kb-0015,Milk Vita Pasteurized Milk 1 ltr,Milk Vita Pasteurized Milk,80,90,Milk Vita,https://lh3.google.com/u/0/d/1Crw0IwWzWqgAAd1IvAQjgwXYzOT7vTeU=w948-h948-p-k-nu-iv1,Dairy,Liquid & UHT Milk,1000
kb-0016,Diploma Instant Full Cream Milk Powder (Foil Pack) 500 gm,"Diploma Instant Full Cream Milk Powder provides all the cooking benefits of fresh full cream milk in a convenient powdered form. No need to refrigerate and it’s simple and easy to use – just add water for instant milk. A useful flavour enhancer for soups, creamy sauces, curries or desserts.",415,425,Diploma,https://lh3.google.com/u/0/d/1HGWaNNEEiKldwNWPErm2KPAn8qogl0vx=w948-h948-p-k-nu-iv1,Dairy,Powder Milk & Cream,1000
kb-0017,Ayer 600 gm ± 50 gm,Long-whiskered catfish is a solid-fleshed fish with few bones. Ayer fish is delicious in curries with a lot of sauce.,389,399,Krishan Bazar,https://lh3.google.com/u/0/d/173Fb-tj86M-4t1CsZ-gw22yoIOCuL9HZ=w948-h948-p-k-nu-iv1,Kachabazar,Fish,1000
kb-0018,Rupchanda Nazirshail Rice 5 kg,Rupchanda Nazirshail Rice,465,475,Rupchanda,https://lh3.google.com/u/0/d/1Hc9NJBGicjtrtzRWcRm9wv2xMT0juTyQ=w948-h948-p-k-nu-iv1,Grocery,Rice,1000
kb-0019,Pran Nazirshail Rice 5 kg,"Pran Nazirshile Rice is partially boiled Rice and sun-dried carefully. In our regular meal, it contains good taste with minerals and vitamins. Nazirshail rice relieves from stomach acidity helpful for constipation and bowel problems.",480,490,Pran,https://lh3.google.com/u/0/d/1FD4f7uN6yH-LK_rm_qFW-AyIzxN3_Gco=w948-h948-p-k-nu-iv1,Grocery,Rice,1000
kb-0020,Foster Clark's Food Colour Blue 28ml,Contains non-toxic food chemical to enhance the taste. Lets you binge in attractive bakes,55,65,Foster Clark,https://lh3.google.com/u/0/d/1T5TnwWRM8vfr_ggAsw9MTuo3c1s5Z_Qz=w948-h948-p-k-nu-iv1,Grocery,Baking Needs,1000
kb-0021,Foster Clark Food Colour Red 28 ml,Contains non-toxic food chemical to enhance the taste. Lets you binge in attractive bakes,55,65,Foster Clark,https://lh3.google.com/u/0/d/1aUC-vCyiyDfjTHhILcHuo-X8lugH3AXf=w948-h948-p-k-nu-iv1,Grocery,Baking Needs,1000
kb-0022,Foster Clark Baking Powder 225 gm,"Foster Clark's Baking Powder specially prepared to help you make delicious sweet dishes and various sauces to garnish your savory dishes. To obtain the fine light texture which you desire in your cakes and pastries, replace one-eighth of the flour with Foster Clark's Baking Powder.",170,180,Foster Clark,https://lh3.google.com/u/0/d/131MEQqH2lSrhMvSDS_0yyVaFo_W3GWIj=w948-h948-p-k-nu-iv1,Grocery,Baking Needs,1000
kb-0023,Foster Clark Custard Powder 300 gm,"Foster Clark's Custard Powder specially prepared to help you make delicious sweet dishes and various sauces to garnish your savory dishes. To obtain the fine light texture which you desire in your cakes and pastries, replace one-eighth of the flour with Foster Clark's Custard Powder.",190,200,Foster Clark,https://lh3.google.com/u/0/d/1GymnWAV_bD5XHUq86yhT-kRGzR61Y_yX=w948-h948-p-k-nu-iv1,Grocery,Baking Needs,1000
kb-0024,Foster Clark Food Colour Green 28 ml,Contains non-toxic food chemical to enhance the taste. Lets you binge in attractive bakes,55,65,Foster Clark,https://lh3.google.com/u/0/d/1aas7bGXr-w2KR4LNV5owoQIEl_07feI0=w948-h948-p-k-nu-iv1,Grocery,Baking Needs,1000
kb-0025,Radhuni Kabab Masala 50 gm,Radhuni kabab masala is a rich mixture of spices necessary for preparing mouth-watering kababs.,80,90,Radhuni,https://lh3.google.com/u/0/d/1_QdVeYpwQiOEyVo6WEo6luYLzHNHu9H_=w948-h948-p-k-nu-iv1,Grocery,Spices & Mixes,1000
kb-0026,Radhuni Haleem Mix 200 gm,"Radhuni Haleem Mix is will give you the authentic taste of Bangladeshi haleem which can be cooked very easily by anyone. The ingredients for cooking haleem are given inside and all you need to do is add meat and oil. Altogether, it’s a very popular item during Ramadan but can also be enjoyed with family at anytime because it's a healthy and tasty wholesome meal.",45,55,Radhuni,https://lh3.google.com/u/0/d/1ary3F5SkEtWlcTdnFCYXSm59LPPvfgg0=w948-h948-p-k-nu-iv1,Grocery,Spices & Mixes,1000
kb-0027,Hash (Deshi) 900gm ± 100gm,Duck meat is extremely flavorful and nutrient dense. It's an excellent source of protein and healthy fat.,525,535,Cattle Meat,https://lh3.google.com/u/0/d/1nVn-d-m6EhZVc2BaNX16LCMfQZkHazzI=w948-h948-p-k-nu-iv1,Cattle Meat,Hash,1000
kb-0028,Radhuni Chicken Tandoori Masala 50 gm,"Radhuni Chicken Tandoori Masala is made from high quality and a selected variety of ingredients. It is 100% natural, free from adulterants, preservatives, artificial color, and flavor.",65,75,Radhuni,https://lh3.google.com/u/0/d/1pk4c-TvbWLnMbGXo0E_M-ZjFu2zkJS12=w948-h948-p-k-nu-iv1,Grocery,Spices & Mixes,1000
kb-0029,Radhuni Mango Falooda Mix 250 gm,"Radhuni Falooda Mix made with yummy ingredients of Fruits, Noodles, Basil Seed, Jelly Pieces, Almonds, Raisins, Shagu Pearls Along with Milk and Ice cream. Radhuni Falooda Mix is a very popular dessert to all aged people and enjoyable in every occasion. Radhuni Falooda Mix contains high level of energy, carbohydrate, protein, dietary fiber, fat & calcium to ensure healthy diet.",65,75,Radhuni,https://lh3.google.com/u/0/d/1xyLb_PJOcPozyVN10xPYCPMKnl2hDM2R=w948-h948-p-k-nu-iv1,Grocery,Spices & Mixes,1000
kb-0030,Radhuni Turmeric Regular 500 gm,"Apart from having excellent antiseptic and antibacterial properties, it has the distinct flavor and fragrance of coriander for your delicious preparations.",190,200,Radhuni,https://lh3.google.com/u/0/d/15JzSt0NNzC4ZBGxvDniAsxtm2a8ozdc8=w948-h948-p-k-nu-iv1,Grocery,Spices & Mixes,1000
kb-0031,Radhuni Turmeric Regular 100 gm,"Apart from having excellent antiseptic and antibacterial properties, it has the distinct flavor and fragrance of coriander for your delicious preparations.",40,50,Radhuni,https://lh3.google.com/u/0/d/1QKXB1JyojKWbHAkoRnruuGOYjy1TCOZM=w948-h948-p-k-nu-iv1,Grocery,Spices & Mixes,1000
kb-0032,Rui 1 kg ±50gm,"Freshwater fish Rui is enriched with protein, omega 3 fatty acids and vitamins A, B, and C.",319,329,Krishan Bazar,https://lh3.google.com/u/0/d/1ij5BdfF0bsuaNtIhluAVN-Lth_dU_Xl2=w948-h948-p-k-nu-iv1,Kachabazar,Fish,1000
kb-0033,Haldiram Lachha Shemai 200 gm,Haldiram Lachha Shemai,215,225,Haldiram,https://lh3.google.com/u/0/d/1S1l_bImSZvjfu6VVORwUt55-IsbuMZ7T=w948-h948-p-k-nu-iv1,Grocery,Shemai,1000
kb-0034,Aarong Chinigura Rice 1 kg,"""In Bangladesh right now, one of the most popular kind of rice is Aarong natural chinigura. It is grown in Bangladesh using conventional methods. Chinigura is fresh since the land is sandy and loamy.""",159,169,Aarong,https://lh3.google.com/u/0/d/10T7gVgvZ45_fBc7742Co8SL7dVPSg9J4=w948-h948-p-k-nu-iv1,Grocery,Rice,1000
kb-0035,Shol Processed (Whole) 250gm ± 50 gm,"Shol Fish or Snakehead Murrel is a favorite freshwater fish among Bengalis in West Bengal, Assam, and Bangladesh. It's a strong fish with firm meat that goes well in a variety of curries.",135,145,Krishan Bazar,https://lh3.google.com/u/0/d/1hHRo6C2i0MTX8c-aJ1I0cRWsuNkxcQfi=w948-h948-p-k-nu-iv1,Kachabazar,Fish,1000
kb-0036,Radhuni Chatpati Masala 50 gm,"Radhuni Chatpati Masala is a blend of different spices that makes the preparation easy, flavored, and tasty. Radhuni Chotpoti Masala is fresh and healthy.",30,40,Radhuni,https://lh3.google.com/u/0/d/1hIFdAWN_3QEIcA1NLtvCdkaXsnIGLMcM=w948-h948-p-k-nu-iv1,Grocery,Spices & Mixes,1000
kb-0037,Radhuni Borhani Masala 50 gm,Radhuni borhani masala eases preparation of the most popular beverage in our local culture. Borhani is always present before the rich meals in every special occasion and festival.,30,40,Radhuni,https://lh3.google.com/u/0/d/1K0zaVFfePGh2zeVpbMBt7JmrQ6aGV8Ad=w948-h948-p-k-nu-iv1,Grocery,Spices & Mixes,1000
kb-0038,Miniket Rice (P) 3kg ±15gm,"Miniket rice contains Vitamin B, thiamin, and anti-oxidant. Miniket rice is rich in Vitamin B1.",239,249,Krishan Bazar,https://lh3.google.com/u/0/d/1KHhNPUsBCHM4EGFfZT4xgpLWUBgwiLlp=w948-h948-p-k-nu-iv1,Grocery,Rice,1000
kb-0039,Pran Miniket Rice 5 kg,Pran Miniket Rice processed hygienically produced through contract farming and sorted in computerized sorted and D-stoner.,460,470,Pran,https://lh3.google.com/u/0/d/1u-ysBOBmLvLDogfNDESfV9zmaFf3D672=w948-h948-p-k-nu-iv1,Grocery,Rice,1000
kb-0040,Nazirshail Rice (P) 3kg ±15gm,Nazirshail is amazingly parboiled rice which is wealthy in quality. It is good for maintaining a good diet.,248,258,Krishan Bazar,https://lh3.google.com/u/0/d/19LR687yMbHN-vqn9dx_ndwKolD27x75b=w948-h948-p-k-nu-iv1,Grocery,Rice,1000
kb-0041,Radhuni Chicken Masala 20 gm,"Radhuni Chicken Masala mix helps you prepare rich and aromatic Chicken Curry for an appetizing and flavorful dish in an easy manner at the comfort of your home. Serving for 7-8 people, this 20gm convenient pack is ideal for 1 KG size chicken.",5,15,Radhuni,https://lh3.google.com/u/0/d/1WwjxuoPFkZdn0c8M_DYQVKNQEboi8TWU=w948-h948-p-k-nu-iv1,Grocery,Spices & Mixes,1000
kb-0042,Radhuni Mejbani Beef Masala 68 gm,"You can cook the traditional Mejbani Beef of Chittagong at home using Radhuni Mejbani Beef Masala. Just add onions, salt, oil, and Radhuni Mejbani Masala with beef and cook the delicious Mejbani Beef. Easy to cook, healthy to eat.",60,70,Radhuni,https://lh3.google.com/u/0/d/1OiDDA5N6oJaSPYUYiYDnmqm3bBs2J7Uf=w948-h948-p-k-nu-iv1,Grocery,Spices & Mixes,1000
kb-0043,Shan Tandoori Masala 50 gm,"Shan Tandoori Masala is a delicious mix for tandoori style chicken. It is manufactured under the most hygienic conditions consistently to add that perfect, tantalizing and mouthwatering taste to your food.",95,105,Shan,https://lh3.google.com/u/0/d/1SbdOITPVnmPiz-PSewOfYSOIDlmfQuUo=w948-h948-p-k-nu-iv1,Grocery,Spices & Mixes,1000
kb-0044,Shan Sindhi Biryani Masala 60 gm,Shan Sindhi Biryani Mix has a classic blend of traditional Sindhi spices. Provides amazing aroma and special taste to your cuisine. It helps you make delicious and peppery Biryani at home.,95,105,Shan,https://lh3.google.com/u/0/d/1Bo4ld6CYnhCvEBBiPE-IxNZSb8eiGx6X=w948-h948-p-k-nu-iv1,Grocery,Spices & Mixes,1000
kb-0045,Shan Meat Masala 100 gm,Shan meat masala mix helps you prepare flavorsome meat curry for everyday meals. Easy to prepare shan meat masala mix is great for medium meat curry. A simple recipe is provided on the back of the box.,110,120,Shan,https://lh3.google.com/u/0/d/1jmV3zYXT4ejKxrcpt3bBuOgWj5rfBJlu=w948-h948-p-k-nu-iv1,Grocery,Spices & Mixes,1000
kb-0046,Shan Memoni Mutton Biryani 60 gm,Shan Memoni Biryani Mix is a classic blend of rich and aromatic spices. It gives the perfect flavor to meat and enhances the true flavor of biryani It’s very easy to cook and at the same time delights your taste bud.,95,105,Shan,https://lh3.google.com/u/0/d/1CYMzKRq7TUahX7bCWl3mZ_l3z7F3-yHp=w948-h948-p-k-nu-iv1,Grocery,Spices & Mixes,1000
kb-0047,Shan Karachi Beef Biryani Mix 60 gm,Shan Karachi Beef Biryani Mix has a perfect blend of rich and aromatic spices to help you rejoice the traditional taste of Karachi Beef Biryani.,95,105,Shan,https://lh3.google.com/u/0/d/1jotFK4tfh4sbzNct5jsGenQ4v0L4uJd8=w948-h948-p-k-nu-iv1,Grocery,Spices & Mixes,1000
kb-0048,Shan Korma Masala Mix 50 gm,Shan korma mix gives you an authentic and delicious flavor of sub-continental cuisine. Its ingredients have been meticulously selected and blended to ensure the right combination and perfect results every time. Easy to prepare Shan korma mix is great for any korma recipes.,95,105,Shan,https://lh3.google.com/u/0/d/1J0NWn1s_748EHYsbACpdRKJOo2q08SvR=w948-h948-p-k-nu-iv1,Grocery,Spices & Mixes,1000
kb-0049,Shan Chaat Masala 100 gm,"Shan Chat Masala is easy to cook and hard to resist. It is a delicious mix for any kind of chat. It manufactured under the most hygienic conditions consistently to add that perfect, tantalizing and mouthwatering taste to your food. It is a vegetarian product.",110,120,Shan,https://lh3.google.com/u/0/d/122LamPlMelCIDbisIDSzQqSQavEmQEWh=w948-h948-p-k-nu-iv1,Grocery,Spices & Mixes,1000
kb-0050,Shan Achar Gosht 50 gm,Easy to prepare Shan Achar Gosht Curry Mix is great for pickle style eat curry. Simply follow the recipe provided on the back of the box for a delicious Achari Keema dish that your whole family will enjoy! Serve hot with naans or roti.,95,105,Shan,https://lh3.google.com/u/0/d/1RECxg6KNxLhZ3S4r2_ugxJvWEAyrCCXJ=w948-h948-p-k-nu-iv1,Grocery,Spices & Mixes,1000
kb-0051,Tara Baim 500 gm ± 50 gm,Tara Baim,370,380,Krishan Bazar,https://lh3.google.com/u/0/d/145NmSmmZhzig6zK85t0kmap1KNtJ3vvB=w948-h948-p-k-nu-iv1,Kachabazar,Fish,1000
kb-0052,Roshun Chinese 500gm±25gm,Chinese garlic bulbs or roshuns are round with 8-10 cloves centered around a central stalk. The cloves are uniform crescents and can range in color from light gold to white.,87,97,Krishan Bazar,https://lh3.google.com/u/0/d/1LH8LYZZLF62SiGbJuzEHEwUFK7ThPbDH=w948-h948-p-k-nu-iv1,Grocery,Dry veg,1000
kb-0053,Kobutor (Pigeon) 200 ± 20 gm,Kobutor,190,200,Cattle Meat,https://lh3.google.com/u/0/d/1mD_b5voA_UR3mW7Kly3y8DU_uuKeTy_j=w948-h948-p-k-nu-iv1,Cattle Meat,Kobutor,1000
kb-0054,Koral 1kg ± 50gm (Whole),Koral is a saltwater fish in the south-western area of Bangladesh. Koral fish is very famous for its amazing taste.,790,800,Krishan Bazar,https://lh3.google.com/u/0/d/11SrwRtVRlvAo2PpUP59kjaPYlUAZ-taj=w948-h948-p-k-nu-iv1,Kachabazar,Fish,1000
kb-0055,Begun Gol-Beguni (Brinjal Round) 500±30 gm,"Brinjal, is a very low calorie vegetable and has healthy nutrition. Several varieties of Brinjal grown all around the world.",26,36,Krishan Bazar,https://lh3.google.com/u/0/d/14d9jygI2VY7GSVrbfSQ8I0f0se3oYpCM=w948-h948-p-k-nu-iv1,Kachabazar,Vegetables,1000
kb-0056,Chili (Bombay) 4 pcs,"Chili has lots of variety, Bombay chili is one of them. Bombay chili is much bigger than the normal chili.",9,19,Krishan Bazar,https://lh3.google.com/u/0/d/1FK8QjcjQti2XGJ3YYZtiTrBcz9iPjfae=w948-h948-p-k-nu-iv1,Kachabazar,Vegetables,1000
kb-0057,Fulkopi - Krishan Bazar Large (Cauliflower) 1 pcs,Cauliflower is rich in nutrition. A beautiful winter vegetable.,14,24,Krishan Bazar,https://lh3.google.com/u/0/d/1czMYtZjQKiTS_w49YZOTsXr3TabQIRKI=w948-h948-p-k-nu-iv1,Kachabazar,Vegetables,1000
kb-0058,Chichinga (Snake Gourd) 500±30 gm,Snake groud or chichinga is a green colored and 100% fresh as well as chemical free vegetable.,19,29,Krishan Bazar,https://lh3.google.com/u/0/d/1ZGLjRzd1Yj80pra_VSDTm3K75EuXNAB7=w948-h948-p-k-nu-iv1,Kachabazar,Vegetables,1000
kb-0059,Pabda Fish Processed 500 gm ± 30 gm,"Pabda is considered an excellent source of omega-3 and omega-6 fatty acids, vitamins and minerals.",265,275,Krishan Bazar,https://lh3.google.com/u/0/d/1c7wGZo5Stid8bYCCVt8Zy_6SCMhlRlbi=w948-h948-p-k-nu-iv1,Kachabazar,Fish,1000
kb-0060,Shan Special Bombay Biryani 60 gm,"Shan Special Bombay Biryani mix helps you recreate the authentic traditional taste of Bombay Biryani. It contains the perfect amount of spices which gives you the taste of sub-continental cuisine. It's additionally simple to make at home and has a novel, stand-out taste.",95,105,Shan,https://lh3.google.com/u/0/d/18VFBsGDabxxTPbCrusLfcsSqEtt6L0AB=w948-h948-p-k-nu-iv1,Grocery,Spices & Mixes,1000
kb-0061,Shing Deshi Medium Processed 500 gm (5-6pcs),Shing is a species of catfish that is widely used in Asian curries.,249,259,Krishan Bazar,https://lh3.google.com/u/0/d/1EaYtmHxY-vvivB4rEMP-R0Y-bzvUxx5d=w948-h948-p-k-nu-iv1,Kachabazar,Fish,1000
kb-0062,Koi Processed (Farm) 500 gm ± 50 gm,Koi Processed,209,219,Krishan Bazar,https://lh3.google.com/u/0/d/1yrbEFjLSORbg3TGN8nEEz-FMgIdWKyes=w948-h948-p-k-nu-iv1,Kachabazar,Fish,1000
kb-0063,Telapiya Processed 500gm (1-2 pcs) ± 50gm,Telapiya is a lean source of protein that is also high in several vitamins and minerals.,129,139,Krishan Bazar,https://lh3.google.com/u/0/d/1NLcfpJkfgMzEpRCjkUF0xmv1Rr5RGLAk=w948-h948-p-k-nu-iv1,Kachabazar,Fish,1000
kb-0064,Koral 600gm+ (Whole),Koral is a saltwater fish in the south-western area of Bangladesh. Koral fish is very famous for its amazing taste.,556,566,Krishan Bazar,https://lh3.google.com/u/0/d/1SFTR62XVZd32tWoA5w9HG2Pt170xweGD=w948-h948-p-k-nu-iv1,Kachabazar,Fish,1000
kb-0065,Kacha Pepe (Green Papaya) 1 pc,"Green papaya is locally sourced. Kacha pepe is deliciously sweet with musky undertones and a soft, butter-like consistency.",8,18,Krishan Bazar,https://lh3.google.com/u/0/d/1gJGiupeNAXvND0zRqWx-rG9dJoS4dDGu=w948-h948-p-k-nu-iv1,Kachabazar,Vegetables,1000
kb-0066,Pangas 1.5 kg ± 100gm,"Pangas fish is a healthy choice for families, especially for those who are concerned about their diet.",289,299,Krishan Bazar,https://lh3.google.com/u/0/d/1eVPgdVFmrsQIpk3U3gbj4vx_6VMo110c=w948-h948-p-k-nu-iv1,Kachabazar,Fish,1000
kb-0067,Begun Lomba - Beguni (Brinjal) 500±30 gm,"Brinjals are mildly sweet, moist and never bitter. The silky flesh is especially tender and will cook quickly. Try begun sliced, brushed with olive oil and salt, and grilled or roasted.",29,39,Krishan Bazar,https://lh3.google.com/u/0/d/1xX_dQNn6yAwmHJElhb_8i_90A2wJUYio=w948-h948-p-k-nu-iv1,Kachabazar,Vegetables,1000
kb-0068,Rupchanda Soyabean Oil 5 ltr,21 years of heritage. First Vitamin A fortified Soyabean Oil. Increases immunity. Strengthens bone & teeth.,896,906,Rupchanda,https://lh3.google.com/u/0/d/1Fgs-1w8xKkYnnuEs__Mjp8yFoZFeuEUH=w948-h948-p-k-nu-iv1,Grocery,Cooking Oil & Ghee,1000
kb-0069,Broiler Chicken (Without Skin) 1kg ±100gm,Best source of protein for everyday meals.,369,379,Cattle Meat,https://lh3.google.com/u/0/d/1Hu_fJQp2O-Hu6pqdr7xgZi4RQ9oz_wlu=w948-h948-p-k-nu-iv1,Cattle Meat,Chicken,1000
kb-0070,Lau (Bottle Gourd) pcs,"Gourd is yellowish-green vegetable that has white pulp, with white seeds embedded in the spongy flesh. Its water content is 96%.",55,65,Krishan Bazar,https://lh3.google.com/u/0/d/1eB3t8KEuWM-5tKXUQ6RLH7Gx3bY54mVa=w948-h948-p-k-nu-iv1,Kachabazar,Vegetables,1000
kb-0071,Mola Fish 500 gm ± 10 gm,Mola is very small and can be cooked quickly. Mola fish is very benefitial for health.,222,232,Krishan Bazar,https://lh3.google.com/u/0/d/1bcER6KnLX0iMRKkksTJcV9S1YAdh-ISe=w948-h948-p-k-nu-iv1,Kachabazar,Fish,1000
kb-0072,Shosha (Cucumber) 500±30 gm,"Most people think of cucumbers as vegetables, but they are actually a fruit.Cucumbers are naturally low in calories, carbohydrates, sodium, fat and cholesterol & hydrating properties.",11,21,Krishan Bazar,https://lh3.google.com/u/0/d/1KrjQ6kKa6wt3leCJ1YLDZNqN2UtziC71=w948-h948-p-k-nu-iv1,Kachabazar,Vegetables,1000
kb-0073,Shol Processed (Whole) 200gm ± 20 gm,"Shol Fish or Snakehead Murrel is a favorite freshwater fish among Bengalis in West Bengal, Assam, and Bangladesh. It's a strong fish with firm meat that goes well in a variety of curries.",110,120,Krishan Bazar,https://lh3.google.com/u/0/d/1hG8kxm6vENGkTJZJM8AaHMUJOEZcEJcH=w948-h948-p-k-nu-iv1,Kachabazar,Fish,1000
kb-0074,Chalkumra (Wax Gourd) 1 pc,Chalkumra provides health benefits ranging from increased energy levels and a sharper mind to smoother digestion and a lower risk of disease.,39,49,Krishan Bazar,https://lh3.google.com/u/0/d/1bJu7rPa247xEA8ASfrS6UOSalEEVafi_=w948-h948-p-k-nu-iv1,Kachabazar,Vegetables,1000
kb-0075,Roshun Deshi (P) 500gm±25gm,"Deshi Garlic have a characteristic pungent, spicy flavor that mellows and sweetens considerably with cooking.",72,82,Krishan Bazar,https://lh3.google.com/u/0/d/1pCzGfpPp8VOQmj9v-FNknsK3OnxOZVSJ=w948-h948-p-k-nu-iv1,Grocery,Dry veg,1000
kb-0076,Aarong Nazirshail Rice 5 kg,Nazirshail rice is rich in vitamins and minerals. It is also rich in fiber and a good source of energy.,493,503,Aarong,https://lh3.google.com/u/0/d/1pLq5cLDy1BYzD4Be_LOaYG8XoV7vTIiS=w948-h948-p-k-nu-iv1,Grocery,Rice,1000
kb-0077,Kochur Loti (Taro Stolon) 500±30 gm,"The health benefits of taro include its ability to improve digestion, lower your blood sugar levels, prevent certain types of cancers, protect the skin etc.",39,49,Krishan Bazar,https://lh3.google.com/u/0/d/1M9BPutlbnTOy5vXpwQRvGZqywon0qtCS=w948-h948-p-k-nu-iv1,Kachabazar,Vegetables,1000
kb-0078,Begun Shobuj (Brinjal Round Green) 500gm±30gm,"Brinjal, is a very low calorie vegetable and has healthy nutrition. Several varieties of Brinjal grown all around the world.",29,39,Krishan Bazar,https://lh3.google.com/u/0/d/1q7aARW7Nte3EVFrjNufdfKaf9VxE3JrI=w948-h948-p-k-nu-iv1,Kachabazar,Vegetables,1000
kb-0079,Pui Shak (Malabar Spinach) 1 bundle,Malabar spinach is so poplular in asian region specially in Bangladesh.,24,34,Krishan Bazar,https://lh3.google.com/u/0/d/158Juey1JRDDuALjYaqiQ_Fa_j3Z49NKs=w948-h948-p-k-nu-iv1,Kachabazar,Vegetables,1000
kb-0080,Notun Alu 1kg  ± 50 gm,Notun Alu,15,25,Krishan Bazar,https://lh3.google.com/u/0/d/17Ms8Poj8pyXVHlME3HuFTxYcEjAhKXHa=w948-h948-p-k-nu-iv1,Grocery,Dry veg,1000
kb-0081,Lomba Lebu (Lemon Long) 4 pcs,"Lemons have the same ability to accentuate the flavors of a meal, while adding their own extra zing. Lemons are the best source of vitamins C.",26,36,Krishan Bazar,https://lh3.google.com/u/0/d/1nJRsGwzI6t4ffm0LlwHpHe-cH-yHeqKo=w948-h948-p-k-nu-iv1,Kachabazar,Vegetables,1000
kb-0082,Sonalika Chicken 400gm ± 50gm,Perfect for making Roast and fully dressed. Available round the year,355,365,Cattle Meat,https://lh3.google.com/u/0/d/1UiLI2VuIBXVTDV-EmvuesUm8m5Y1CZiP=w948-h948-p-k-nu-iv1,Cattle Meat,Chicken,1000
kb-0083,Kacha Tomato (Green Tomato) 500gm ± 35 gm,Kacha Tomato,8,18,Krishan Bazar,https://lh3.google.com/u/0/d/17loaRaOUhtIP-KtgQ_OiNQG2lZaRk4xg=w948-h948-p-k-nu-iv1,Kachabazar,Vegetables,1000
kb-0084,Kolmishak (Water Spinach) 1 bundle,Water Spinach is a green vegetable. Water spinach is one of the ideal option to manage weight and to lower the cholesterol levels.,5,15,Krishan Bazar,https://lh3.google.com/u/0/d/1cYwEe6nlJGVvKXuCKXJ4sDhVKugy6-UI=w948-h948-p-k-nu-iv1,Kachabazar,Vegetables,1000
kb-0085,Beef Premium+ (Bone in) 1 kg ±25gm,"Fresh, lean beef is rich in various vitamins and minerals, especially iron and zinc. Locally sourced, processed beef and ready to cook.",710,720,Cattle Meat,https://lh3.google.com/u/0/d/1UnMezBP9B1pDI9YLOM_egO-EmHVcLxMN=w948-h948-p-k-nu-iv1,Cattle Meat,Beef,1000
kb-0086,Pusti Soyabean 2 Ltr,Pusti Soyabean Oil,364,374,Pusti,https://lh3.google.com/u/0/d/1uQNC_UzDBR2A7VWMUEgyi_uQAW2mT2fN=w948-h948-p-k-nu-iv1,Grocery,Cooking Oil & Ghee,1000
kb-0087,Pusti Soyabean 5 Ltr,Pusti Soyabean Oil,896,906,Pusti,https://lh3.google.com/u/0/d/13e9xaRhZLEXASsB89GmLWof9f8DvcQxP=w948-h948-p-k-nu-iv1,Grocery,Cooking Oil & Ghee,1000
kb-0088,Cucumber (Khira) 500gm± 35 gm,Cucumber,16,26,Krishan Bazar,https://lh3.google.com/u/0/d/1JKS_0uh-W6l-wMO0gAYBkgPrFp36bid_=w948-h948-p-k-nu-iv1,Kachabazar,Vegetables,1000
kb-0089,Krishan Bazar Duck Eggs (Hasher Dim) 6 pcs,Krishan Bazar Duck Eggs,120,130,Krishan Bazar,https://lh3.google.com/u/0/d/1GFqyl9urWwIvyTl-K_2hLr7all3feRkA=w948-h948-p-k-nu-iv1,Grocery,Eggs,1000
kb-0090,Rui 4pcs pack 300gm±30gm,Rui 4pcs pack 300gm±30gm,215,225,Krishan Bazar,https://lh3.google.com/u/0/d/15_l1XX6mQJkVC0AohnvpRyjYs5PYxrkk=w948-h948-p-k-nu-iv1,Kachabazar,Fish,1000
kb-0091,Beef Liver (Kolija) - Processed 250 gm ± 15 gm,Cut to cook.,205,215,Cattle Meat,https://lh3.google.com/u/0/d/1O4BFYeN7VQ3ad8g06_Ux9lZah778xts5=w948-h948-p-k-nu-iv1,Cattle Meat,Beef,1000
kb-0092,Radhuni Panchforon 50 gm,"Radhuni panchforan is a mixture of different spices like cumin, black cumin, aniseed, fenugreek, radhuni, and mustard. it is used especially for preparing vegetable curry, fish curry, pickles, chutney etc. It adds extra flavor to any dishes.",12,22,Radhuni,https://lh3.google.com/u/0/d/1AE1TtvvYgJmIFlKcY0jVMjbM-vOlYSfg=w948-h948-p-k-nu-iv1,Grocery,Spices & Mixes,1000
kb-0093,Beef Brain (Mogoj) Large 1 pc pack,Beef Brain,490,500,Cattle Meat,https://lh3.google.com/u/0/d/1HBeDU4mj8XDR3s4k6--d9-MuJ3QEsSw3=w948-h948-p-k-nu-iv1,Cattle Meat,Beef,1000
kb-0094,Radhuni Firni Mix 150 gm,"Radhuni Firni Mix made with Aromatic Rice, Almond Nut, Sodium chloride, Sugar, Cardamom, Kewra Flavor. Radhuni Firni Mix is usually consumed as a dessert after meal. what you only have to do is add the firni mix to one liter of milk and cook for 15-20 minutes. Its 100% fresh and healthy.",45,55,Radhuni,https://lh3.google.com/u/0/d/1-RnwUwr3Zf0Vmll9elprH5xXm4vaFrbe=w948-h948-p-k-nu-iv1,Grocery,Spices & Mixes,1000
kb-0095,Tomato (Local) 500±30 gm,"The tomato is consumed in diverse ways, including raw, as an ingredient in many dishes, sauces, salads, and drinks. Tomato is rich in lycopene, which may have beneficial health effects.",18,28,Krishan Bazar,https://lh3.google.com/u/0/d/17mH1m2ZFawcdqrpV4o5O3j5r9XuPKRSu=w948-h948-p-k-nu-iv1,Kachabazar,Vegetables,1000
kb-0096,Beef Premium+ (Bone in) 500gm ±25gm,"Fresh, lean beef is rich in various vitamins and minerals, especially iron and zinc. Locally sourced, processed beef and ready to cook.",364,374,Cattle Meat,https://lh3.google.com/u/0/d/1BHCif_vTbS-DgzKzex8NZHWqJwkUZ-09=w948-h948-p-k-nu-iv1,Cattle Meat,Beef,1000
kb-0097,Capsicum Green 1 pc 150 gm ± 20 gm,Capsicum Green,10,20,Krishan Bazar,https://lh3.google.com/u/0/d/1a5iVz7M9D_yUgZesrieN115EaJOquTTX=w948-h948-p-k-nu-iv1,Kachabazar,Vegetables,1000
kb-0098,Beef Premium (Bone in) 250 gm ±5gm,"Fresh, lean beef is rich in various vitamins and minerals, especially iron and zinc. Locally sourced, processed beef and ready to cook.",182,192,Cattle Meat,https://lh3.google.com/u/0/d/1AAnpTIL-jeExKxgHG4LAY6GicEZtDDjf=w948-h948-p-k-nu-iv1,Cattle Meat,Beef,1000
kb-0099,Kobutor (Pigeon) 160 ± 20 gm,Kobutor,140,150,Cattle Meat,https://lh3.google.com/u/0/d/1Llqq452ii97nYwzpkd0Zq6xzBAIEONSB=w948-h948-p-k-nu-iv1,Cattle Meat,Kobutor,1000
kb-0100,Beef Bhuri 500gm ± 50 gm,Beef Bhuri,290,300,Cattle Meat,https://lh3.google.com/u/0/d/1lSi15aUi-GCfTD41Q6_epf6WWEq9Qp06=w948-h948-p-k-nu-iv1,Cattle Meat,Beef,1000
kb-0101,Krishan Bazar Eggs (Regular) 12 pcs,Krishan Bazar Eggs (Small) 12pcs is a very good source of protein. You can make delicious and healthy meals with these eggs,140,150,Krishan Bazar,https://lh3.google.com/u/0/d/1SSwFrDnuhLmhjoivF9BfIzYHIcwnHv8j=w948-h948-p-k-nu-iv1,Grocery,Eggs,1000
kb-0102,Rui Head & Tail pack 450gm±100gm,Rui Head & Tail pack 450gm±100gm,140,150,Krishan Bazar,https://lh3.google.com/u/0/d/1xVeR2hvmuk45zr2bzPw_b_Rf_mVrSB__=w948-h948-p-k-nu-iv1,Kachabazar,Fish,1000
kb-0103,Broiler Chicken (With Skin) 1kg ±100gm,Best source of protein for everyday meals.,330,340,Cattle Meat,https://lh3.google.com/u/0/d/1C3Nlr2bAZMjioCGUZHLD9kgNWbhRc4AJ=w948-h948-p-k-nu-iv1,Cattle Meat,Chicken,1000
kb-0104,Misti Kumra Fali (Sweet Pumpkin Fali),"Sweet Pumpkin is an extremely nutrient dense food, full of vitamins and minerals but low on calories. Sweet Pumpkin is a rich source of vitamin A.",19,29,Krishan Bazar,https://lh3.google.com/u/0/d/1Cexrt62ug4apKNlwBGd-MAbQL9RDvbYc=w948-h948-p-k-nu-iv1,Kachabazar,Vegetables,1000
kb-0105,Radhuni Fish Curry Masala 100 gm,Radhuni Fish Curry Masala is a mixture of spices to get traditional taste of fish curry. Any kind of fish can be cooked with this spice.,45,55,Radhuni,https://lh3.google.com/u/0/d/1mRMFaVcpImCh8yjL6oax-Xky-DA3ChvH=w948-h948-p-k-nu-iv1,Grocery,Spices & Mixes,1000
kb-0106,Ilish (Chandpur) 350 - 400 gm,Ilish,340,350,Krishan Bazar,https://lh3.google.com/u/0/d/1D1FRMLkQ85xLgQHWWP8NPP3HyFPYROR8=w948-h948-p-k-nu-iv1,Kachabazar,Fish,1000
kb-0107,Kacha Morich (Green Chili) 250±15 gm,Green chilies adds flavors to every dishes. Green chilies are full of nutritions and vitamins.,29,39,Krishan Bazar,https://lh3.google.com/u/0/d/1bp9Kp9F0tQGJb98xn84Gz5qttC7VKkAt=w948-h948-p-k-nu-iv1,Kachabazar,Vegetables,1000
kb-0108,Refined Sugar (Loose) 1 kg ±10gm,Refined Sugar,110,120,Krishan Bazar,https://lh3.google.com/u/0/d/1C8OULo9sH0mLn5KhcnNB1yof8eU5uw-g=w948-h948-p-k-nu-iv1,Grocery,Salt & Sugar,1000
kb-0109,Dhoniapata Local (Coriander Leaf) 100±10 gm,"Coriander leaf is locally sourced. With its sweet, bright aroma, fresh coriander is used a lot in cooking.",2,12,Krishan Bazar,https://lh3.google.com/u/0/d/1a7TqRIgdLVqKfUbQS0VOGtfjIq6C4fkX=w948-h948-p-k-nu-iv1,Kachabazar,Vegetables,1000
kb-0110,Bottle Begun Beguni 500gm± 35 gm,Bottle Begun Beguni,23,33,Krishan Bazar,https://lh3.google.com/u/0/d/1anFqN6nZh7UFkPRbuZBFr888ex6Vj3Ao=w948-h948-p-k-nu-iv1,Kachabazar,Vegetables,1000
kb-0111,Deshi Gajor (Local Carrot) 500 gm ± 30 gm,Deshi Gajor,12,22,Krishan Bazar,https://lh3.google.com/u/0/d/1deiTtxb2QTr22bHo8aWYNm7jmOw4plVe=w948-h948-p-k-nu-iv1,Kachabazar,Vegetables,1000
kb-0112,Kacha Kola (Green Banana) 4 pcs,"Green banana are the unripe version of yellow banana. The green banana is best eaten cooked, either boiled or fried.",15,25,Krishan Bazar,https://lh3.google.com/u/0/d/1_QIwbSZ2TnxrSrcQWdwnTF0V7yuZs0_1=w948-h948-p-k-nu-iv1,Kachabazar,Vegetables,1000
kb-0113,Badhacopi - Large (Cabbage) 1 pc,"Fresh cabbage is an excellent source of natural antioxidant, vitamin C.",14,24,Krishan Bazar,https://lh3.google.com/u/0/d/1YKqXYRP6fg7cw9v65tZE6KIJ3Rd9Wmaj=w948-h948-p-k-nu-iv1,Kachabazar,Vegetables,1000
kb-0114,Motorshuti 500gm±25gm,Motorshuti,35,45,Krishan Bazar,https://lh3.google.com/u/0/d/1-1S5MeKLPtBVWI_BMNQq2SwOcaFJooDd=w948-h948-p-k-nu-iv1,Kachabazar,Vegetables,1000
kb-0115,Radhuni Khichuri Mix 500 gm,Radhuni Khichuri,130,140,Radhuni,https://lh3.google.com/u/0/d/1QgIJXHyxMXCC37khJBmlgGohZHj7VS-r=w948-h948-p-k-nu-iv1,Grocery,Spices & Mixes,1000
kb-0116,Rupchada 1 pcs 110gm ± 10 gm (processed),"Rupchada is one of the most sought-after fish in Bangladesh and Southeast Asia due to its distinctly smooth texture, mouth-watering flavor, superb mouthfeel.",85,95,Krishan Bazar,https://lh3.google.com/u/0/d/1BuYUGVxJRaEw9upJVoiXv9GmBdRS1Dm1=w948-h948-p-k-nu-iv1,Kachabazar,Fish,1000
kb-0117,Piyaj Indian Premium 1kg±25gm,"The Indian onion is referred to as ""Piyaz"" or ""Kanda"" is the most popular vegetable. Indian onion is similar to the classic Red onion in appearance, having a thin red outer skin that is paper thin.",38,48,Krishan Bazar,https://lh3.google.com/u/0/d/1PoW6rxt1crjXdAU_xkVEz6sTrsUWIZuA=w948-h948-p-k-nu-iv1,Grocery,Dry veg,1000
kb-0118,Piyaj Local (P) 1kg±25gm,"Local Onions are vegetables and the most widely cultivated spice. They are usually served cooked. Local Piyaz has a strong taste and a sharp, pungent flavor.",29,39,Krishan Bazar,https://lh3.google.com/u/0/d/13s8qaS0mPHsH8KeUXOS9wpASOWyID0Ut=w948-h948-p-k-nu-iv1,Grocery,Dry veg,1000
kb-0119,Lal Poa Fish Processed 2pcs 250gm±20gm,Lal Poa Fish 2pcs 250gm±20gm,115,125,Krishan Bazar,https://lh3.google.com/u/0/d/1tF6RK77JYajood64c0xNkshVRYMn99YP=w948-h948-p-k-nu-iv1,Kachabazar,Fish,1000
kb-0120,Kachki 250 gm ± 10 gm,"Kachki Fish is incredibly rich in nutrients. Kachki Fish contains calcium, protein and vitamin A, iron, calcium, phosphorus, vitamin C, vitamin B-3 and vitamin D.",89,99,Krishan Bazar,https://lh3.google.com/u/0/d/1SHYlMfZu9FxGmDZ3-NvlFPAc9Liafcrw=w948-h948-p-k-nu-iv1,Kachabazar,Fish,1000
kb-0121,Ada Imported 500±25gm,The ginger spice comes from the roots of the plant. It's used as a food flavoring and medicine.,140,150,Krishan Bazar,https://lh3.google.com/u/0/d/1v_DB5AKkiEdBoZjwjEO8G07ld_tKrFMI=w948-h948-p-k-nu-iv1,Grocery,Dry veg,1000
kb-0122,Chingri Bagda 10pc pack 150gm±20 gm,"Chingri Bagda is a rich source of selenium, one of the most effective antioxidants at maintaining healthy cells. Gorillamove is offering small pack of 10 pcs of ""Chingri Bagda"" for bachelors and small family.",125,135,Krishan Bazar,https://lh3.google.com/u/0/d/1lTDynyeeOzL-o485QT5Mqm_sWNixUGSl=w948-h948-p-k-nu-iv1,Kachabazar,Fish,1000
kb-0123,Lal Shak (Red Amaranth) 1bundle,"Red Amaranth or Lal Shak has a sweet, raw flavor and the texture is very delicate. It helps in the process of bowel movement since it contains a lot of fiber.",5,15,Krishan Bazar,https://lh3.google.com/u/0/d/1c8FIKDbwtcP4TtWppwGDS-LOVLdZ-CBi=w948-h948-p-k-nu-iv1,Kachabazar,Vegetables,1000
kb-0124,Teer Salt 1kg,Teer Salt 1kg,32,42,Teer,https://lh3.google.com/u/0/d/1vGCl9EqTHHzv3nLhKtdtdsjcVE_c5vcj=w948-h948-p-k-nu-iv1,Grocery,Salt & Sugar,1000
kb-0125,Lens Saffron Premium 0.5 gm,Premium quality saffron for using in special cuisins like pulao and biriyani. Saffron is a powerful spice with high amount of antioxidants.,363,373,Lens Pure,https://lh3.google.com/u/0/d/1HmG5tqcUuoN9L_ojfdz2b2xr8JUxZ-wb=w948-h948-p-k-nu-iv1,Grocery,Spices & Mixes,1000
kb-0126,Lens Pure Spices Onion Powder 50 gm,"Premium quality onion powder for all types of cuisins. Enriched with the goodness of essential vitamins like vitamin B and C, minerals like manganese, calcium, iron and potassium, and a myriad of antioxidants, onion powders hold high significance in treating a host of ailments including mouth sores, heart problems, headaches, high blood sugar and even cancer",75,85,Lens Pure,https://lh3.google.com/u/0/d/1YnfetS-kSlp2RUuyrU3oI4rouH_vwTzK=w948-h948-p-k-nu-iv1,Grocery,Spices & Mixes,1000
kb-0127,Lens Pure Spices Oregano Leaf Flakes 20 gm,"Premium quality Oregano for western and special cuisins. Oregano is a great antibacterial agent. It has phytonutrients (thymol and carvacrol), which fight infections such as staph. It's loaded with antioxidants that help prevent cell damage, and it's an excellent source of fiber, vitamin K, manganese, iron, vitamin E, tryptophan and calcium.",138,148,Lens Pure,https://lh3.google.com/u/0/d/1gS-sQ8N1jwrVXNC5QSKGPzshtzLts3Et=w948-h948-p-k-nu-iv1,Grocery,Spices & Mixes,1000
kb-0128,Lens Pure Spices Paprika Powder 30 gm,"Premium quality Paprika powder. It has antioxidant properties, can help reduce the risk of cancer and heart disease, improve immunity, and even alleviate gas",109,119,Lens Pure,https://lh3.google.com/u/0/d/17_zuedcmtq5vvLhy7XTqy6spQLBSh8D1=w948-h948-p-k-nu-iv1,Grocery,Spices & Mixes,1000
kb-0129,Lens Pure Spices Chilli Flakes 30 gm,"Red chili flakes are filled with antioxidants that help fight oxidative stress in the body and promote overall good health. Chile flakes are a great appetite suppressant, so add them all your foods if you are on a diet or are trying to eat less food. Lens Pure Chilli Flakes are an excellent addition to special cuisins.",57,67,Lens Pure,https://lh3.google.com/u/0/d/1KbhVQuZBgwT1-8p1mLHWrgnUINv6WqvF=w948-h948-p-k-nu-iv1,Grocery,Spices & Mixes,1000
kb-0130,Ekata Star Masala 50 gm,Premium quality spice. Country of Origin: Bangladesh,120,130,Ekata,https://lh3.google.com/u/0/d/1HicxY-Jf7lpEtyO_yMHcHKTOChC49YoJ=w948-h948-p-k-nu-iv1,Grocery,Spices & Mixes,1000
kb-0131,Ekata Joyotri (Mace) 50 gm,Premium quality spice. Country of Origin: Bangladesh,225,235,Ekata,https://lh3.google.com/u/0/d/14Y4fbkooJ-Hnxa7ItzjuEuHbwV0oaWr-=w948-h948-p-k-nu-iv1,Grocery,Spices & Mixes,1000
kb-0132,Ekata Panchforon 100 gm,Premium quality spice. Country of Origin: Bangladesh,30,40,Ekata,https://lh3.google.com/u/0/d/1qrynqvbLmkMwchvbdmny6dAkvWyp6z0S=w948-h948-p-k-nu-iv1,Grocery,Spices & Mixes,1000
kb-0133,Pran Chinigura Rice 1 kg,Pran Chinigura Rice is the first packed aromatic rice in Bangladesh. It always carries 100% natural aroma which relates to the tradition of Bangladesh.,150,160,Pran,https://lh3.google.com/u/0/d/1SRxMti5wsqP8JwjjkzqOrOSJOejMbgsm=w948-h948-p-k-nu-iv1,Grocery,Rice,1000
kb-0134,Ekata Coriander Whole 100 gm,Premium quality spice. Country of Origin: Bangladesh,20,30,Ekata,https://lh3.google.com/u/0/d/1hydz6KLUrd9p7C38TS6T8wD_-E7_hPzi=w948-h948-p-k-nu-iv1,Grocery,Spices & Mixes,1000
kb-0135,Ekata Elachi (Cardamom) 100 gm,Premium quality spice. Country of Origin: Bangladesh,360,370,Ekata,https://lh3.google.com/u/0/d/1Bo3xERKock0zMKymadk0CJZ2-qyUqAvt=w948-h948-p-k-nu-iv1,Grocery,Spices & Mixes,1000
kb-0136,Haiko White Pepper (Pet) 30 gm,"White pepper is a spice produced from the dried fruit of the pepper plant, Piper nigrum, as is black pepper. It is usually milder than black pepper, with less complex flavor. Both whole and ground white pepper are available.",120,130,Haiko,https://lh3.google.com/u/0/d/1weqq-xw3-LcXN4-VHbH4ou8Vx8iIF2w7=w948-h948-p-k-nu-iv1,Grocery,Spices & Mixes,1000
kb-0137,Aarong Ghee 200 gm,"Made hygienically from fresh cream of pure cow's milk. Aarong Dairy Pure Ghee is excellent for preparing polao, korma, biriyani, paratha, halwa or any other sweet dish.",340,350,Aarong,https://lh3.google.com/u/0/d/1KPvXvGtQSZ4wUpsdLTAtOaeV1G1LtatU=w948-h948-p-k-nu-iv1,Grocery,Cooking Oil & Ghee,1000
kb-0138,Radhuni Kachchi Biryani Masala 40 gm,"The proper mixing of different spices according to the age-old recipe of biryani comes to you in radhuni biryani masala. Get the unique taste of mutton, beef, and chicken biryani at your home with ease.",50,60,Radhuni,https://lh3.google.com/u/0/d/1dO-w_O1JILT9lImBc22agbq87EOCJPNi=w948-h948-p-k-nu-iv1,Grocery,Spices & Mixes,1000
kb-0139,Haiko Black Pepper (Pet) 30 gm,"High in antioxidants. Has anti-inflammatory properties. It can benefit your brain, improve blood sugar control, lower cholesterol levels, and has cancer-fighting properties.",100,110,Haiko,https://lh3.google.com/u/0/d/1FxCIWt4S9XG94m05SXRjE-ofA5OGdaja=w948-h948-p-k-nu-iv1,Grocery,Spices & Mixes,1000
kb-0140,Haiko Oregano Fizza 10 gm,"Some of the most common uses of oregano include tomato-centric recipes, like pizza and pasta sauce, as well as olive oil-based dishes. Oregano is commonly combined with olive oil to create flavorful oregano oil, Italian vinaigrettes, and marinades for lamb, chicken, and beef dishes.",60,70,Haiko,https://lh3.google.com/u/0/d/1xrVpJ98X8ssl8zwFSMbSbBLt6KqaSm9O=w948-h948-p-k-nu-iv1,Grocery,Spices & Mixes,1000
kb-0141,Lens Pure Spices Brown Mustard Seeds Powder 100 gm,"Premium quality Lens Pure Brown Mustard Seeds help to strengthen your nails, hair, and teeth. Mustard seeds contain antioxidant and anti-inflammatory properties that help in relieving pain in the gum, bones, and teeth.",48,58,Lens Pure,https://lh3.google.com/u/0/d/10t7dS5qIcB8uk-usFdobagnUypX39-bd=w948-h948-p-k-nu-iv1,Grocery,Spices & Mixes,1000
kb-0142,Lens Pure Spices Ginger Powder 50 gm,Premium Ginger Powder for all types of cusins. Ginger lowers blood sugar and improve heart disease risk factors. It can help treat chronic indigestion.,96,106,Lens Pure,https://lh3.google.com/u/0/d/1QZvxrqFacacHZWzzEB29YxwFg_eChWnM=w948-h948-p-k-nu-iv1,Grocery,Spices & Mixes,1000
kb-0143,Lens Pure Spices Brown Mustard Seeds 200 gm,"An excellent addition for local cuisins. Premium quality brown mustard seeds. It contains minerals like iron, zinc, phosphorus and calcium. Adding this to our food every day can help you cope up with mineral deficiencies and also assist in the formation of red blood cells",48,58,Lens Pure,https://lh3.google.com/u/0/d/12QRvG9YdHS1BKl3evWqGZUrLysT1HD_2=w948-h948-p-k-nu-iv1,Grocery,Spices & Mixes,1000
kb-0144,Lens Pure Spices White Peppercorn Powder 50 gm,Premium quality White Pepper Powder. Excellent addition for both western and asian cuisin. It helps to get rid of secretions from airways. It is also used to treat constipation as it supports large intestine peristalsis and accelerates metabolism. It has anti-inflammatory effect and also freshens breath. It enhances the immune system and tones the overall body.,127,137,Lens Pure,https://lh3.google.com/u/0/d/1HvoJTsei6gShNHa6NNIxQdAV6tgc2TVG=w948-h948-p-k-nu-iv1,Grocery,Spices & Mixes,1000
kb-0145,Ekata Elachi (Cardamom) 50 gm,Premium quality spice. Country of Origin: Bangladesh,180,190,Ekata,https://lh3.google.com/u/0/d/1Abei4dQhquUXD2SKDfoVC9aant8td74M=w948-h948-p-k-nu-iv1,Grocery,Spices & Mixes,1000
kb-0146,Ekata Darchini (Cinamon) 100 gm,Premium quality spice. Country of Origin: Bangladesh,65,75,Ekata,https://lh3.google.com/u/0/d/1DDhEU8WGIrqLTnb-YBCz3LutKSL86TOR=w948-h948-p-k-nu-iv1,Grocery,Spices & Mixes,1000
kb-0147,Teer Maida 2 kg,"Teer Flour manufactured from one of the best quality of wheat. Teer flour made by high technology automated machine that flour keep fresh and healthy. Its also contains Vitamin, Mineral and Protein.",146,156,Teer,https://lh3.google.com/u/0/d/1S84Ia_o7me2DU8R9D5MtdPZeUi0kvjQR=w948-h948-p-k-nu-iv1,Grocery,Atta,1000
kb-0148,Lens Pure Spices Black Pepper Powder 50 gm,"Black pepper and its active compound piperine contains potent antioxidant and anti-inflammatory properties. Laboratory studies suggest that black pepper may improve cholesterol levels, blood sugar control, and brain and gut health.",117,127,Lens Pure,https://lh3.google.com/u/0/d/1fQ1AEfQJOvsiQFpsULmEfnuV1mVzUqgg=w948-h948-p-k-nu-iv1,Grocery,Spices & Mixes,1000
kb-0149,Ekata Joyotri (Mace) 25 gm,Premium quality spice. Country of Origin: Bangladesh,110,120,Ekata,https://lh3.google.com/u/0/d/1W9GDEbu5VQ6R4jynywWhoZIi7V0Hc0bU=w948-h948-p-k-nu-iv1,Grocery,Spices & Mixes,1000
kb-0150,Ekata White Sesame 100 gm,Country of Origin: Bangladesh,60,70,Ekata,https://lh3.google.com/u/0/d/1W6uWhQz2y-8SEOfKL14F9AdJyjbwe522=w948-h948-p-k-nu-iv1,Grocery,Baking Needs,1000
kb-0151,Ekata White Pepper 50 gm,Premium quality spice. Country of Origin: Bangladesh,70,80,Ekata,https://lh3.google.com/u/0/d/1uMjhkDDE35myukkVSI-DIx0av2k0YxY0=w948-h948-p-k-nu-iv1,Grocery,Spices & Mixes,1000
kb-0152,Ekata White Pepper 100 gm,Premium quality spice. Country of Origin: Bangladesh,135,145,Ekata,https://lh3.google.com/u/0/d/1xj7ZsvmAI_k4HnIQ3ObxzIjkbaiwDKXP=w948-h948-p-k-nu-iv1,Grocery,Spices & Mixes,1000
kb-0153,Ekata Red Mustard 100 gm,Premium quality spice. Country of Origin: Bangladesh,20,30,Ekata,https://lh3.google.com/u/0/d/1Py9mMWEDugLKP7k0Dw5Fp9VPfgZxppGs=w948-h948-p-k-nu-iv1,Grocery,Spices & Mixes,1000
kb-0154,Pusti Atta 2 kg,Pusti Atta 2 kg,126,136,Pusti,https://lh3.google.com/u/0/d/11O0e087XdnZvr9Xlrt95NJgxb30R3ktt=w948-h948-p-k-nu-iv1,Grocery,Atta,1000
kb-0155,Pusti Suji 500 gm,Pusti Suji 500 gm,45,55,Pusti,https://lh3.google.com/u/0/d/1Hv3FhoBnxwdFmXYmwmTKiweDwq57BT4z=w948-h948-p-k-nu-iv1,Grocery,Shemai,1000
kb-0156,Pusti Maida 1 kg,Pusti Maida 1 kg,68,78,Pusti,https://lh3.google.com/u/0/d/1unEhJOaniKgTjPakjK4dUfqEeDUCbDVG=w948-h948-p-k-nu-iv1,Grocery,Atta,1000
kb-0157,Ekata Chia Seed 100 gm,Ekata Chia Seed 100 gm,165,175,Ekata,https://lh3.google.com/u/0/d/1H2gj27Tg3sPMKmHkjB33UoX30_Xmkl53=w948-h948-p-k-nu-iv1,Grocery,Spices & Mixes,1000
kb-0158,Ahmed Icing Sugar 250gm,Ahmed Icing Sugar 250gm,90,100,Ahmed,https://lh3.google.com/u/0/d/1RDJ5eLj45Ou8JZgBUWYvAKalW3G4hOeE=w948-h948-p-k-nu-iv1,Grocery,Baking Needs,1000
kb-0159,Ekata Tal Mishri 200 gm,Ekata Tal Mishri 200 gm,40,50,Ekata,https://lh3.google.com/u/0/d/11xHZ3v4fPLLCB8TFdcUOSJrbrwuMJlAg=w948-h948-p-k-nu-iv1,Grocery,Spices & Mixes,1000
kb-0160,Pran Turmeric powder (Jar) 200 gm,Pran Turmeric powder (Jar) 200 gm,100,110,Pran,https://lh3.google.com/u/0/d/1LtnMRE65AGK_XG36ra_wD9hZgfiw3f6T=w948-h948-p-k-nu-iv1,Grocery,Spices & Mixes,1000
kb-0161,Pran Coriander powder (Jar) 200 gm,Pran Coriander powder (Jar) 200 gm,70,80,Pran,https://lh3.google.com/u/0/d/1mIwL0hu3VQGGWp2398oOpZX9c8BFfiac=w948-h948-p-k-nu-iv1,Grocery,Spices & Mixes,1000
kb-0162,ACI Pure Salt 1 kg,"Salt is the most essential item in human diet. ACI Pure Salt is 100% pure, free flow, vacuum evaporated . It also contain, sodium 97%, potassium, Iodine. ACI salt is 100% fresh, healthy and dust free",32,42,ACI,https://lh3.google.com/u/0/d/1C1bq0sMHFM7yGFrb5TSsYab7KjWN6Wq_=w948-h948-p-k-nu-iv1,Grocery,Salt & Sugar,1000
kb-0163,Pran Cumin Seed powder (Jar) 200 gm,Pran Cumin Seed powder (Jar) 200 gm,165,175,Pran,https://lh3.google.com/u/0/d/1rimxhnuAMdIC0gPD9Gnze-28ipibs1R7=w948-h948-p-k-nu-iv1,Grocery,Spices & Mixes,1000
kb-0164,Pran Turmeric Powder 100gm,Pran Turmeric Powder 100gm,40,50,Pran,https://lh3.google.com/u/0/d/17tDTMYnODnZ3P-OhnZSNYrJiKQXGik_y=w948-h948-p-k-nu-iv1,Grocery,Spices & Mixes,1000
kb-0165,Pran Recipe Mix Biriyani Masala 40gm,Pran Recipe Mix Biriyani Masala 40gm,65,75,Pran,https://lh3.google.com/u/0/d/1y785m5YqVU-4W9JDcEXozleud-Kc4eZG=w948-h948-p-k-nu-iv1,Grocery,Spices & Mixes,1000
kb-0166,Shagor Kola (Banana) 1 pcs,"Sagor kola is the most popular dessert banana in Bangladesh. It contains Potassium, Vitamin B6, Vitamin C, Magnesium, Copper, Manganese.",5,15,Krishan Bazar,https://lh3.google.com/u/0/d/1_GIXvFgGn3dpGwNrrNJinbJTTklrChb0=w948-h948-p-k-nu-iv1,Fruits,Regular Fruits,1000
kb-0167,Guava Thai(Peyara) 2 pcs pack,Thai guavas are generally the size of a softball with apple green skin that can range from bumpy to smooth.,39,49,Krishan Bazar,https://lh3.google.com/u/0/d/1I97gWuAec9QImWoE0Tmgm6v3btMIG09i=w948-h948-p-k-nu-iv1,Fruits,Regular Fruits,1000
kb-0168,Apple Kul Boroi (Apple Jujube) 500gm ± 50 gm,Apple Kul Boroi (Apple Jujube) 500gm ± 50 gm,42,52,Krishan Bazar,https://lh3.google.com/u/0/d/1dOsGuOyO-os2C2M-BCUMkg5XZ-FXkYhq=w948-h948-p-k-nu-iv1,Fruits,Regular Fruits,1000
kb-0169,Ball Shundori Kul Boroi 500gm ± 50 gm,Ball Shundori Kul Boroi 500gm ± 50 gm,38,48,Krishan Bazar,https://lh3.google.com/u/0/d/1K36JRlHpDAf-sEgd0PqLnoDY4HiWUYrA=w948-h948-p-k-nu-iv1,Fruits,Regular Fruits,1000
kb-0170,Talent Chef Milk bread 350 gm,Talent Chef Milk bread 350 gm,110,120,Talent Chef,https://lh3.google.com/u/0/d/1IRnNRsf-Ry01saeDF5RjwCNuFmujMbM3=w948-h948-p-k-nu-iv1,Bakery,Breads & Buns,1000
kb-0171,Talent Chef Cream Bun 2 pcs 85 gm,Talent Chef Cream Bun 2 pcs 85 gm,70,80,Talent Chef,https://lh3.google.com/u/0/d/1i4Zi9JP3EeYEoRs97UacA6aiEz7iXQvT=w948-h948-p-k-nu-iv1,Bakery,Breads & Buns,1000
kb-0172,Talent Chef Chocolate Chip Cookies 170 gm,Talent Chef Chocolate Chip Cookies 170 gm,230,240,Talent Chef,https://lh3.google.com/u/0/d/1eNm5Jx5F5POqXmZM1lXJkCOuKtrTMOBV=w948-h948-p-k-nu-iv1,Snacks,Biscuits,1000
kb-0173,Talent Chef Melting Moment Cookies 250 gm,Talent Chef Melting Moment Cookies 250 gm,240,250,Talent Chef,https://lh3.google.com/u/0/d/1i8-etyo5G5Rrhb7oY36n4_hxx62y85Xi=w948-h948-p-k-nu-iv1,Snacks,Biscuits,1000
kb-0174,Mr. Noodles Cup Noodles Magic Masala 40 gm,Pran Mr. Noodles has an excellent blend of rich spices and ingredients. That makes it a delicious snack to satisfy your hunger whenever you want. These ready-to-eat noodles can be prepared within a few minutes.,20,30,Mr.Noodles,https://lh3.google.com/u/0/d/1dF335v6xPVRimyekL9fjcP635K0HIOlX=w948-h948-p-k-nu-iv1,Snacks,Noodles & Pasta,1000
kb-0175,Ruchi Hot Chanachur 150 gm,"Besides the essential ingredients and their individual savory taste, RUCHI Hot Chanachur has a shocking hot flavor to complement the crunchy snacks, which gives you a jolt and brings your moments to life. Its unique taste invokes an amazing excitement and fondness, and keeps you coming back for it over and over again.",40,50,Ruchi,https://lh3.google.com/u/0/d/186Brio8NDAN-Adqi3a1Qk-pT6EUQqTBo=w948-h948-p-k-nu-iv1,Snacks,Chanachur & Muri ,1000
kb-0176,Kolson Macaroni Pasta Screw 400 gm,Kolson Macaroni Pasta Screw 400 gm,75,85,Kolson,https://lh3.google.com/u/0/d/1p_edzJnxf0dr8sIsUCqpBxREARuURV8G=w948-h948-p-k-nu-iv1,Snacks,Noodles & Pasta,1000
kb-0177,Ispahani Lexus biscuit 150 gm,Ispahani Lexus biscuit 150 gm,90,100,Ispahani,https://lh3.google.com/u/0/d/1yFvIstOYE4pih4-mJvtuTbkcMxycX45a=w948-h948-p-k-nu-iv1,Snacks,Biscuits,1000
kb-0178,Ruchi Hot Chanachur 25 gm,Ruchi Hot Chanachur 25 gm,0,10,Ruchi,https://lh3.google.com/u/0/d/1wsY3-ZojOhZyA6mLciijlLGX8boTppet=w948-h948-p-k-nu-iv1,Snacks,Chanachur & Muri ,1000
kb-0179,Ruchi BBQ Chanachur 25 gm,Ruchi BBQ Chanachur 25 gm,0,10,Ruchi,https://lh3.google.com/u/0/d/1tdHy_l6RHcqlIAYEalTcTgA1Ondz2DcI=w948-h948-p-k-nu-iv1,Snacks,Chanachur & Muri ,1000
kb-0180,Kolson Macaroni Oyster Small 400  gm,Kolson Macaroni Oyster Small 400  gm,75,85,Kolson,https://lh3.google.com/u/0/d/1H_Ga9QcmK4HbbKdNM5OPyTjziq66Xhp3=w948-h948-p-k-nu-iv1,Snacks,Noodles & Pasta,1000
kb-0181,Kolson Macaroni Oyster Small 200 gm,Kolson Macaroni Oyster Small 200 gm,35,45,Kolson,https://lh3.google.com/u/0/d/1tJLuuODa_s9EYXIsDuLdHRu39LX3OIJb=w948-h948-p-k-nu-iv1,Snacks,Noodles & Pasta,1000
kb-0182,Kolson Macaroni Oyster Big 200 gm,Kolson Macaroni Oyster Big 200 gm,35,45,Kolson,https://lh3.google.com/u/0/d/1aTfOo8GttQxKSm46--nehfRlX2mZG7NB=w948-h948-p-k-nu-iv1,Snacks,Noodles & Pasta,1000
kb-0183,Kolson Macaroni Oyster Big 400 gm,Kolson Macaroni Oyster Big 400 gm,75,85,Kolson,https://lh3.google.com/u/0/d/1PsadnSObERJETVTjOSb55fvdJHX_rzB-=w948-h948-p-k-nu-iv1,Snacks,Noodles & Pasta,1000
kb-0184,Kazi Farms Chicken Meatballs 250 gm,Kazi Farms Kitchen chicken meatballs combine the incredible sort of Italian Style with a rich ingredient. Mixed with chicken and some rich flavor.,165,175,Kazi Farms,https://lh3.google.com/u/0/d/1seBSMrLv0GNF28Kr-OPJkfFVDTPI7d2s=w948-h948-p-k-nu-iv1,Frozen Foods,Frozen Foods,1000
kb-0185,Kazi Farms Chicken Samosa 250 gm,Kazi Farms Kitchen Chicken Samosa is a well known popular evening snack. It gives you an extraordinary mouth watery flavor and staggering smell.,200,210,Kazi Farms,https://lh3.google.com/u/0/d/1JCxfmH9fGzjCPurnS0htEwrGRglNfM84=w948-h948-p-k-nu-iv1,Frozen Foods,Frozen Foods,1000
kb-0186,Kazi Farms Chicken Shami Kabab 250 gm,Kazi Farms Chicken Shami Kabab is very good source of protein and loaded with sustenance. Incredible mouth watery flavor and stunning smell.,215,225,Kazi Farms,https://lh3.google.com/u/0/d/1MgoXfavyqjd8FJ0Sy2W3jsKwOOvAi2_t=w948-h948-p-k-nu-iv1,Frozen Foods,Frozen Foods,1000
kb-0187,Golden Harvest Mini Chicken Spring Roll 300 gm (15 pcs),,190,200,Golden Harvest,https://lh3.google.com/u/0/d/1_NOF3e9Yc9AstnYiIQ3NzilMdTb3OD9z=w948-h948-p-k-nu-iv1,Frozen Foods,Frozen Foods,1000
kb-0188,Kazi Farms French Fries 500 gm,Kazi Farms French Fries 500 gm,135,145,Kazi Farms,https://lh3.google.com/u/0/d/1IR4mtYGr2N5IPPdFqc9tfN2ZtuakOfhV=w948-h948-p-k-nu-iv1,Frozen Foods,Frozen Foods,1000
kb-0189,AG Food Red Wheat Rooti 800 gm,Premium Quality Ruti manufactured with high quality ingredients and by skilled Work Force under the supervision of Qualified Personnel of AG Food.,175,185,AG Food,https://lh3.google.com/u/0/d/1DHBNOEvZTUWsf-31kBw-gszmKZsuTpeK=w948-h948-p-k-nu-iv1,Frozen Foods,Frozen Foods,1000
kb-0190,AG Food Plain Paratha 20 pcs 1.3 kg,"Crispy, fluffy and delicious Premium Quality Paratha manufactured with high quality ingredients and by skilled Work Force under the supervision of Qualified Personnel of AG Food.",300,310,AG Food,https://lh3.google.com/u/0/d/1i0wzxzOQYw0PuYjjiSMQliYOuNrLUvVZ=w948-h948-p-k-nu-iv1,Frozen Foods,Frozen Foods,1000
kb-0191,Kazi Farms Chicken Spring Roll 250 gm,Kazi Farms Kitchen chicken Spring roll is light with crisp-crackly skin and small enough to enjoy in 4 bites. Incredible mouth watery flavor and stunning smell.,200,210,Kazi Farms,https://lh3.google.com/u/0/d/1F8Nx0G91Q-QsJ8_2ZnuwoxoXFc4YlSTG=w948-h948-p-k-nu-iv1,Frozen Foods,Frozen Foods,1000
kb-0192,Golden Harvest Dal Puri 454gm (10 Pcs),Golden Harvest Dal Puri 454gm (10 Pcs),120,130,Golden Harvest,https://lh3.google.com/u/0/d/16lPK0ZJsl9vcRRPCbx-zTYh6MmC0dkLA=w948-h948-p-k-nu-iv1,Frozen Foods,Frozen Foods,1000
kb-0193,AG Food Deshi Paratha 600 gm,AG Food Deshi Paratha 600 gm,120,130,AG Food,https://lh3.google.com/u/0/d/1C5f8Rzv_wKyLLnvMvLV4nyKsMNEjnMm8=w948-h948-p-k-nu-iv1,Frozen Foods,Frozen Foods,1000
kb-0194,Hosen Select Green Olives Whole 350 gm,Hosen Select Green Olives Whole 350 gm,265,275,Hosen,https://lh3.google.com/u/0/d/1wdd1WRT2ZSN2hE6FS-TV0a6fexwgiQG1=w948-h948-p-k-nu-iv1,Canned Foods,Canned Foods,1000
kb-0195,Hosen Quality Bamboo Shoot 552 gm,Hosen Quality Bamboo Shoot 552 gm,265,275,Hosen,https://lh3.google.com/u/0/d/1GqUXgLeVX8AZ95TDESSHFTDYOEnUfYa0=w948-h948-p-k-nu-iv1,Canned Foods,Canned Foods,1000
kb-0196,Hosen Select Black Olives Whole 350 gm,Hosen Select Black Olives Whole 350 gm,265,275,Hosen,https://lh3.google.com/u/0/d/1OWrY9o2r-hdtoUS6S-4Do9_Xuu9QFao_=w948-h948-p-k-nu-iv1,Canned Foods,Canned Foods,1000
kb-0197,Al Shifa Natural Honey 500 gm,"The famous Saudi Arabian brand Al Shifa is synonymous with 100% natural honey. Guaranteed to be 100% pure and natural, Al Shifa honey has established itself as an undisputed market leader in the entire Middle East and a high quality product in just few decades. Al Shifa honey is the proud recipient of the quality mark by the Saudi Arabian Standards Organization (SASO), ISO 22000 and with 100% Halal Guarantee. Sourced from the best honey origins in the world where honeybees flying a distance equal to more than three times around the world, tap over two million flowers only to make one pound of Al Shifa honey. These location include tropical forests of the South America, Australia and the Alps mountains in Northern Europe. In 2020, Fair Food & Life Style has taken over the distribution and marketing of Al Shifa honey in Bangladesh.",740,750,Al Shifa,https://lh3.google.com/u/0/d/1wLfqAd2nzknKgAmPY3J9fkyq27wTYtNP=w948-h948-p-k-nu-iv1,Sauce & Pickles,Honey ,1000
kb-0198,Al Shifa Natural Honey 250 gm,"The famous Saudi Arabian brand Al Shifa is synonymous with 100% natural honey. Guaranteed to be 100% pure and natural, Al Shifa honey has established itself as an undisputed market leader in the entire Middle East and a high quality product in just few decades. Al Shifa honey is the proud recipient of the quality mark by the Saudi Arabian Standards Organization (SASO), ISO 22000 and with 100% Halal Guarantee. Sourced from the best honey origins in the world where honeybees flying a distance equal to more than three times around the world, tap over two million flowers only to make one pound of Al Shifa honey. These location include tropical forests of the South America, Australia and the Alps mountains in Northern Europe. In 2020, Fair Food & Life Style has taken over the distribution and marketing of Al Shifa honey in Bangladesh.",415,425,Al Shifa,https://lh3.google.com/u/0/d/1B-DSdWaGybSUsyJVn63jzi9rPxVl7NAW=w948-h948-p-k-nu-iv1,Sauce & Pickles,Honey ,1000
kb-0199,Foster Clark Jam Mixed Fruit 450 gm,"Foster Clark's Mixed Fruit Jam Strawberry is prepared with all natural ingredients, no preservatives, and no artificial flavors or colors. Enjoy the rich, fruit filled taste spread on toast, for a delicious breakfast or a simple but tasty snack!",485,495,Foster Clark,https://lh3.google.com/u/0/d/1mRQhJ8vcwJU3E-xHnWTGyVbhOxjTBVL2=w948-h948-p-k-nu-iv1,Sauce & Pickles,Jam & Jelly ,1000
kb-0200,Suree Premium Oyster Sauce 295 ml,Suree Premium Oyster Sauce is crafted from a perfect blend of all natural and fresh ingredients. It has flavourful spices and can make your foods delicious.,419,429,Suree,https://lh3.google.com/u/0/d/1bwMicvDkkk2WiaiC0DcjjqXwqRmKaxDB=w948-h948-p-k-nu-iv1,Sauce & Pickles,Sauce ,1000
kb-0201,Radhuni Kasundi 265±20 ml,"Kasundi is a protein-rich, spicy relish made from mustard seeds. A condiment and a taste-enhancer. Kasundi brings out the best taste in whatever it is paired up with: seasonal green fruits, snacks such as “shingara” & “pakora”. Recent use of this condiment is in the preparation of “Shorshe Ilish”- a famous traditional recipe in Bengali cuisine & even as salad dressings. A dash of Radhuni Kasundi with any food will leave your taste buds tingling with joy.",40,50,Radhuni,https://lh3.google.com/u/0/d/1ealenhwhrAaoSHWyK06xV03bm0Yy8vwj=w948-h948-p-k-nu-iv1,Sauce & Pickles,Salad Dressings ,1000
kb-0202,Ruchi Red Chilli Sauce 360 gm,"Ruchi Red Chili Sauce is an amazing taste enhancer of any daily snacks which gives an unique taste of red chili, sourness and sweetness togather. Its seasoned secrete ""Ruchi"" recipe and ingredients together gives real taste of fresh ingredients.",110,120,Ruchi,https://lh3.google.com/u/0/d/1b1Qc5mv0_1bn7u6NvHdD1djaoHH3SrYX=w948-h948-p-k-nu-iv1,Sauce & Pickles,Sauce ,1000
kb-0203,Ruchi Sweet Chilli Sauce 350 gm,Ruchi Sweet Chilli Sauce 350 gm,110,120,Ruchi,https://lh3.google.com/u/0/d/1qiK4-tlOHOR4bQ4bzCV2BYdTlMsFPRpT=w948-h948-p-k-nu-iv1,Sauce & Pickles,Sauce ,1000
kb-0204,Shezan Tomato Ketchup 340gm,Shezan Tomato Ketchup 340gm,90,100,Sajeeb,https://lh3.google.com/u/0/d/1XxichKEBVTiEMRjmWNpDpZt8XUjMg8t8=w948-h948-p-k-nu-iv1,Sauce & Pickles,Sauce ,1000
kb-0205,Johnson's Baby Powder 50 gm,"Johnson's Baby Powder offers long lasting freshness and skin comfort to your baby’s delicate skin. It is a safe talcum powder made especially for babies, made with U.S. Pharmacopoeia grade talc to ensure it meets the highest quality & purity. It Helps eliminate friction and has clean, classic baby-fresh scent. Clinically proven to be gentle and mild for your baby’s skin, causes no allergy or irritation to baby's skin and keeps babies feeling fresh and playful. It is Dermatologist-tested and hypoallergenic. No Parabens, No Sulfates, No Dye.",110,120,Johnson's,https://lh3.google.com/u/0/d/1gy2LYhdYXeX5hmMlcFqP4HgyaSsIjd_u=w948-h948-p-k-nu-iv1,Baby Care & Food,Baby Skin Care ,1000
kb-0206,Linco Baby Cotton Buds (L-22568) 200 pcs,"Linco Paper Cotton Buds is made from 100% cotton. Use these anti-bacterial cotton buds around your child’s eyes, nose and ears.",210,220,Linco,https://lh3.google.com/u/0/d/1TrKvb3XDYjDRHXCaaZI5eH-WlN0FGtSf=w948-h948-p-k-nu-iv1,Baby Care & Food,Baby Skin Care ,1000
kb-0207,Nestle Lactogen 4 (BIB) Powder 350 gm,"NESTLÉ LACTOGEN 4 is a follow-up formula milk powder for 2 to 5 years old pre-school babies. NESTLÉ LACTOGEN 4 contains L.reuteri, a healthy probiotic culture, originating from a strain naturally occurring in human breast milk. It also contains B vitamins, essential micronutrients may help normal and efficient metabolism. It also has DHA which may help in brain and vision development. Product of Nestlé Bangladesh Ltd.",480,490,Nestle,https://lh3.google.com/u/0/d/1bxkHWOqwOpucLvZ4DvfMdpz6v60VdStK=w948-h948-p-k-nu-iv1,Baby Care & Food,Baby Food ,1000
kb-0208,Huggies Baby Diapers Dry S (up to 7 kg) 36 pcs,Huggies Baby Diaper Dry-absorb quickly to help stop leaks and offer up to 12 hours of long-lasting leakage protection to help keep baby dry throughout all his daily adventures. Country of Origin: India,840,850,Huggies,https://lh3.google.com/u/0/d/1rfa3IXWDkjuHtDooMSFfuKttRJJ3UUNk=w948-h948-p-k-nu-iv1,Baby Care & Food,Baby Diaper & Wipes ,1000
kb-0209,Nestle Nan 2 (Tin) 400 gm,"Nestlé® NAN® OPTIPRO® 2 is an Follow-up Formula with HMO and OPTIPRO designed for infants after 6 months onwards as the liquid part of the diet during and after weaning, in addition to other foods. It is not to be used as a breast milk substitute during the first 6 months of life. Nestlé® NAN® OPTIPRO® 2 contains HMOs are natural gurardians of a child's development, helping to support the little one's immune system from the start. HMO is the third most abundant component naturally found in Breastmilk and helps to strenghthen Immunity. Additionally it contains OPTIPRO, an optimized protein blend exclusively to NAN that is unique in both quality and amount. It supplies the adequate amount of proteins needed for your baby’s optimal growth without overloading immature organs. It also contains BIFIDUS BL, a probiotic culture that helps to reinforce baby’s defense system and DHA and ARA, two special fatty acids found in breast milk, which are important for your baby’s immune defense system and contribute to the development of brain and vision. Product of Nestlé Bangladesh Ltd.",915,925,Nestle,https://lh3.google.com/u/0/d/1Rz-wUtScfILmZ9aoExmKAy05cJy_bNcu=w948-h948-p-k-nu-iv1,Baby Care & Food,Baby Food ,1000
kb-0210,Linco Baby Cotton Buds With Paper (L-22569) 200 pcs,"Linco Paper Cotton Buds is made from 100% cotton. Use these anti-bacterial cotton buds around your child’s eyes, nose and ears.",290,300,Linco,https://lh3.google.com/u/0/d/1v2-1thwoK5yjyhKjA1dZo7ZHqpLgGBWV=w948-h948-p-k-nu-iv1,Baby Care & Food,Baby Skin Care ,1000
kb-0211,Sudocrem Antiseptic Healing Cream 125 gm,Sudocrem is clinically proven to soothe and heal your baby's delicate skin and works in three simple ways: an emollient soothes sore or inflamed skin; its ingredients are recognized for their healing properties; and a mild local anesthetic helps to ease pain and irritation.,650,660,Sudocrem,https://lh3.google.com/u/0/d/1EHr9fcUqlWGSBofWE5Bke9yKAVZWb-p4=w948-h948-p-k-nu-iv1,Baby Care & Food,Baby Skin Care ,1000
kb-0212,Johnson's Baby Powder 380 gm,"Johnson's Baby Powder offers long lasting freshness and skin comfort to your baby’s delicate skin. It is a safe talcum powder made especially for babies, made with U.S. Pharmacopoeia grade talc to ensure it meets the highest quality & purity. It Helps eliminate friction and has clean, classic baby-fresh scent. Clinically proven to be gentle and mild for your baby’s skin, causes no allergy or irritation to baby's skin and keeps babies feeling fresh and playful. It is Dermatologist-tested and hypoallergenic. No Parabens, No Sulfates, No Dye.",485,495,Johnson's,https://lh3.google.com/u/0/d/1ePOGybQIoqlVYeH94AVvsv6W7g6Q1bSP=w948-h948-p-k-nu-iv1,Baby Care & Food,Baby Skin Care ,1000
kb-0213,Ispahani Blender's Choice Premium Tea 50 Bags,"ISPAHANI is the single largest tea company in Bangladesh. Ispahani Tea Department selects, blends and packs the finest tea for both the local and international markets. It prides itself on quality and achieves a very high degree of customer satisfaction. Best-selling brands such as Mirzapore Best Leaf, Mirzapore Double Chamber Tea Bags, Blender’s Choice Premium Tea and Zareen Premium Tea are market leaders and household names in Bangladesh.",135,145,Ispahani,https://lh3.google.com/u/0/d/1RtqN4KxqP94SIGpTP0reGK4Q_AHrbhOd=w948-h948-p-k-nu-iv1,Tea & Coffee,Tea ,1000
kb-0214,Twinings Green Tea & Mint (25 Teabags) 50 ± 12.5 gm,Twinings Green Tea & Mint (25 Teabags) 50 ± 12.5 gm,540,550,Twinings,https://lh3.google.com/u/0/d/1-W5qrScRuQF0UVpsuxA06_YH1HOdkDqd=w948-h948-p-k-nu-iv1,Tea & Coffee,Tea ,1000
kb-0215,Kazi & Kazi Tulsi Tea (40 Sachets) 60 gm,Kazi & Kazi Tulsi Tea (40 Sachets) 60 gm,170,180,Kazi & Kazi,https://lh3.google.com/u/0/d/1bmcJtyjwqpm-o0PB9kmR_soRzXMJL-jF=w948-h948-p-k-nu-iv1,Tea & Coffee,Tea ,1000
kb-0216,Seylon Family Blend Tea 200 gm,"Consumer CaWin Car,
Motorcycle,
Fridge, Foreign
Tour And Many
Others Surprise
Gift. Minimum
Gift: Mobile
Recharge 20/-
50/-",100,110,Seylon,https://lh3.google.com/u/0/d/1ipJcX8Z7IHUeaC1TWXLPWdQ0n3shz1Qb=w948-h948-p-k-nu-iv1,Tea & Coffee,Tea ,1000
kb-0217,Ispahani Mirzapore Tea Bag 50 pcs,"ISPAHANI is the single largest tea company in Bangladesh. Ispahani Tea Department selects, blends and packs the finest tea for both the local and international markets. It prides itself on quality and achieves a very high degree of customer satisfaction. Best-selling brands such as Mirzapore Best Leaf, Mirzapore Double Chamber Tea Bags, Blender’s Choice Premium Tea and Zareen Premium Tea are market leaders and household names in Bangladesh.",80,90,Ispahani,https://lh3.google.com/u/0/d/1w6fKlbretKjgL9vy3OT7jjaAVPiu2VZj=w948-h948-p-k-nu-iv1,Tea & Coffee,Tea ,1000
kb-0218,Nescafe Classic Coffee (Glass Bottle) 100 gm,NESCAFÉ Classic soluble coffee is perfect for any time of the day Add a teaspoon (1.5g) of NESCAFÉ Classic and 5g Nestlé Coffeemate into 120ml hot (80°C) water. Add sugar as per your taste and stir up well to get a perfect cup of NESCAFÉ. Product of Nestlé Bangladesh Limited,315,325,Nescafe,https://lh3.google.com/u/0/d/1xT5IAIATb5r1DRSliKy5bDtxVLo-jI_r=w948-h948-p-k-nu-iv1,Tea & Coffee,Coffee ,1000
kb-0219,Seylon Gold Blend Double Chamber Tea Bag 100 gm,"Seylon tea is popular among tea enthusiasts for its rich flavor and fragrant aroma. It contains just the right amount of potassium that helps in relaxing the tension in arteries and blood vessels. Aside from being rich in antioxidants, Seylon tea is also linked to health benefits like improved heart health and blood sugar control, as well as weight loss. It's also easy to make at home and has a unique, one-of-a-kind taste that sets it apart from other teas.",80,90,Seylon,https://lh3.google.com/u/0/d/1UCR2AvR1dfozOX7EI8khGDZW3YQu-4WG=w948-h948-p-k-nu-iv1,Tea & Coffee,Tea ,1000
kb-0220,Nescafe Classic Jar 200 gm,"Start your day right with the first sip of NESCAFÉ Classic
NESCAFÉ Classic soluble coffee is perfect for any time of the day
Add a teaspoon (1.5g) of NESCAFÉ Classic and 5g Nestlé Coffeemate into 120ml hot (80°C) water. Add sugar as per your taste and stir up well to get a perfect cup of NESCAFÉ
Storage Instruction: Close lid tightly after use, always use a dry spoon, store in a cool, dry and hygienic place.",485,495,Nescafe,https://lh3.google.com/u/0/d/10RatRgbVe0pT0v6D8P1g2JP9dyr8t2jz=w948-h948-p-k-nu-iv1,Tea & Coffee,Coffee ,1000
kb-0221,Ispahani Mirzapore Best Leaf Tea 400 gm,"""Ispahani Mirzapore Best Leaf"" is produced by blending the BEST tea leaves of the finest tea gardens in Bangladesh. It comes to you in the most modern packing, designed to protect its excellent aroma and taste.",200,210,Ispahani,https://lh3.google.com/u/0/d/168dddNIM3rdH_hqxap_MTSlKM4wUj6Tj=w948-h948-p-k-nu-iv1,Tea & Coffee,Tea ,1000
kb-0222,Ispahani Blender's Choice Premium Black Tea 200 gm,Ispahani Blender's Choice Premium Black Tea 200 gm,150,160,Ispahani,https://lh3.google.com/u/0/d/1ns3ZAHol-CYNyuqiV4tccL1YKSgUYnmp=w948-h948-p-k-nu-iv1,Tea & Coffee,Tea ,1000
kb-0223,AMA Authentic Brazilian Coffee 3in1 15gm,AMA Authentic Brazilian Coffee 3in1 15gm,0,10,AMA,https://lh3.google.com/u/0/d/1xpfpPH1U_LKyFyrCqS8d9owUFCdUvSsK=w948-h948-p-k-nu-iv1,Tea & Coffee,Coffee ,1000
kb-0224,Ispahani Best Tea Leaf (Jar) 350 gm,Ispahani Best Tea Leaf (Jar) 350 gm,190,200,Ispahani,https://lh3.google.com/u/0/d/1jt-AtW1pH50qkcWU96Jg-GulyEjrp9s5=w948-h948-p-k-nu-iv1,Tea & Coffee,Tea ,1000
kb-0225,Tang Powder Drink Orange 200 gm,"Filled with the goodness of orange and enriched with Vitamin A, B, C, and Iron. Beat this summer with the easy to prepare and refreshing taste of Tang. Order now to add magic to your water.",170,180,Tang,https://lh3.google.com/u/0/d/1R16fzOIgMGVCwO7Tpo5FAMJTQSX1d7cQ=w948-h948-p-k-nu-iv1,Beverage,Powder Drinks,1000
kb-0226,Rooh Afza 750 ml,"Sharbat Rooh Afza is a fruit-filled, friendly drink. It is a perfect treat on a hot day. It has been the countrys favorite drink for generations.",290,300,Rooh Afza,https://lh3.google.com/u/0/d/1R3NV-RUp3kN_xyZ1ZEhlKCKUM4Q5PL4O=w948-h948-p-k-nu-iv1,Beverage,Soft Drinks ,1000
kb-0227,Pepsi (Plastic Bottle) 1 ltr,"Through the years, Pepsi is very popular drinks to everyone. Pepsi can refresh your body and keep active.",60,70,Pepsi,https://lh3.google.com/u/0/d/1hS-L_1PELW-3wJemAU_D48qf-shxrSIx=w948-h948-p-k-nu-iv1,Beverage,Soft Drinks ,1000
kb-0228,Horlicks Classic Malt Jar 1 kg,"Filled with a wide range of vitamins and minerals including as Calcium, Iron, Zinc, Phosphorous, Vitamins A, C, E, D, B1, B2, B6, B12 - Horlicks is a nourishing beverage that helps support your child’s growth. Produced from a mix of malted barley, wheat and milk, this unrivaled tasty recipe has been providing nutrition to people for many years. Horlicks helps to make kids Taller, Stronger and Sharper!",670,680,Horlicks,https://lh3.google.com/u/0/d/1mc0iobrUC8_0OaQBNdkJV_WIhwDJqQ-z=w948-h948-p-k-nu-iv1,Beverage,Powder Drinks,1000
kb-0229,Pepsi Drinks Can 250 ml,"Through the years, Pepsi is very popular drinks to everyone. Pepsi can refresh your body and keep active.",40,50,Pepsi,https://lh3.google.com/u/0/d/1JcFSOFNwzjn_-vYVvBzy2T7iiFaGXF4z=w948-h948-p-k-nu-iv1,Beverage,Soft Drinks ,1000
kb-0230,Sprite 1250 ml,"Crisp, refreshing and clean-tasting, Sprite is the world’s leading lemon and lime-flavoured soft drink.",65,75,Sprite,https://lh3.google.com/u/0/d/1h1mm6Rkb6xhO_Fu9ehH5eOF2FOeaUabj=w948-h948-p-k-nu-iv1,Beverage,Soft Drinks ,1000
kb-0231,Coca-Cola 2.25 ltr,"Coca-Cola is the most popular and biggest-selling soft drink in history, as well as one of the most recognizable brands in the world. Created in 1886 in Atlanta, Georgia, by Dr. John S. Pemberton, Coca-Cola was first offered as a fountain beverage at Jacob's Pharmacy by mixing Coca-Colasyrup with carbonated water. Coca-Cola was patented in 1887, registered as a trademark in 1893 and by 1895 it was being sold in every state and territory in the United States. In 1899, The Coca-Cola Company began franchised bottling operations in the United States and in 1906 bottling operations for Coca-Cola began to expand internationally.",120,130,Coca-Cola,https://lh3.google.com/u/0/d/1BNVpRQ36ncBBMeusH3OjvtkuVQFm3I78=w948-h948-p-k-nu-iv1,Beverage,Soft Drinks ,1000
kb-0232,Sprite Pet 2.25 ltr,"Crisp, refreshing and clean-tasting, Sprite is the world’s leading lemon and lime-flavoured soft drink.",120,130,Sprite,https://lh3.google.com/u/0/d/1qSTfl5r1nYU_w7kCrEqxa2D6bPeovnsi=w948-h948-p-k-nu-iv1,Beverage,Soft Drinks ,1000
kb-0233,7up Pet Bottle 2 ltr,7up Pet Bottle 2 ltr,110,120,7up,https://lh3.google.com/u/0/d/1wHGfItlglKMVUNkErc4H_0jQ4iPk0fyO=w948-h948-p-k-nu-iv1,Beverage,Soft Drinks ,1000
kb-0234,7up (Plastic Bottle)  1 ltr,"Refreshingly Original. Caffeine-free with 100% natural flavors for a crisp, clean, refreshing taste.",60,70,7up,https://lh3.google.com/u/0/d/195mq_H9YdB4UytQUeP2wDUcWJBorrnyt=w948-h948-p-k-nu-iv1,Beverage,Soft Drinks ,1000
kb-0235,Pepsi Pet Bottle 2 ltr,Pepsi Pet Bottle 2 ltr,110,120,Pepsi,https://lh3.google.com/u/0/d/1_SfB3Bw2jHl2w3-VX00gmrJM_1ga4fMS=w948-h948-p-k-nu-iv1,Beverage,Soft Drinks ,1000
kb-0236,Aquafina Drinking Water 1 ltr,Aquafina Drinking Water 1 ltr,15,25,Aquafina,https://lh3.google.com/u/0/d/1Jr6iyoLXCLRw4Nh-BeJq_-OHiESMirxx=w948-h948-p-k-nu-iv1,Beverage,Mineral Water ,1000
kb-0237,Aquafina Drinking Water 500 ml,Aquafina Drinking Water 500 ml,5,15,Aquafina,https://lh3.google.com/u/0/d/1DWNSRv5mhzRLKoC8b4im5U101Ugku05Q=w948-h948-p-k-nu-iv1,Beverage,Mineral Water ,1000
kb-0238,Shakti Toilet Cleaner 750 ml,Shakti Toilet Cleaner 750 ml,140,150,Shakti,https://lh3.google.com/u/0/d/1hY6_SOl_TT3yxTzZFYavEocLtlKf9jGM=w948-h948-p-k-nu-iv1,Home Care,Cleaning Products,1000
kb-0239,Shakti Toilet Cleaner 500 ml,Shakti Toilet Cleaner 500 ml,110,120,Shakti,https://lh3.google.com/u/0/d/1K2NUrqajm_zbGdnhzRMal0JTCdVgf4bh=w948-h948-p-k-nu-iv1,Home Care,Cleaning Products,1000
kb-0240,Super White Premium Detergent powder (Jar free) 1 Kg,Super White Premium Detergent powder (Jar free) 1 Kg,190,200,Super White,https://lh3.google.com/u/0/d/11PJsDiuv6WC1WIf2DlkDlnzxviK9E2ic=w948-h948-p-k-nu-iv1,Home Care,Cleaning Products,1000
kb-0241,Chaka Advanced Washing Powder 500 gm,Chaka Advanced Washing Powder 500 gm,60,70,Chaka,https://lh3.google.com/u/0/d/1C50ryph2dsTIdFlna00mMGtN3oKPny8j=w948-h948-p-k-nu-iv1,Home Care,Cleaning Products,1000
kb-0242,Harpic Flushmatic 50 gm,"Harpic Flushmatic toilet cleaner works from inside the cistern to release a dose of powerful detergent with every flush. Distributing the liquid across the bowl, it helps you maintain a hygienic and deodorized toilet. Prevents the build-up of stains giving you a continuous clean toilet.",120,130,Harpic,https://lh3.google.com/u/0/d/1jF4cFKlUQHqPul4ZdSrIOzuMjeU-48jM=w948-h948-p-k-nu-iv1,Home Care,Cleaning Products,1000
kb-0243,Bashundhara Perfumed Facial Tissue 120P x 2Ply,"Each and every piece of facial tissue is manufactured with extreme care and passion. Our finest design with extra soft facial tissue paper gives a gentle sensation to the users. We bring extra adsorbent soft tissue in an exclusive designed facial box, which is a reflection of elegance.",65,75,Bashundhara,https://lh3.google.com/u/0/d/1ZCD-1fS3pbjVxkKFFl24NuVeiioW3mn9=w948-h948-p-k-nu-iv1,Home Care,Tissue & Napkins,1000
kb-0244,Chaka Washing Powder 1 kg,Every day we are exposed to different kinds of dirt. But now you don't have to worry any more for fighting long hours to remove these dirt and harm your clothes using harsh chemicals. One handful of Chaka Washing Powder is enough for half a bucket of water and give you clean products.,130,140,Chaka,https://lh3.google.com/u/0/d/1bocV5bbyGFLoA1TtlvSmXPKJLiwUIAKh=w948-h948-p-k-nu-iv1,Home Care,Cleaning Products,1000
kb-0245,Bashundhara Facial Tissue 100 pcs x 2 Sheet,Bashundhara Facial Tissue made with 100% virgin pulp.,55,65,Bashundhara,https://lh3.google.com/u/0/d/18SYVFMWatAQgH9XXWoS9CBMQtNAzVyjA=w948-h948-p-k-nu-iv1,Home Care,Tissue & Napkins,1000
kb-0246,Dabur Gulabari Premium Rose Water 120 ml,"Invigorate, refresh and cleanse your skin with the goodness of natural rose extracts! Dabur Gulabari Rose Water is a natural toner that cleanses your skin from deep within ridding it of any dirt, grime or foreign bodies that can damage your skin. Apply it directly on the skin or mix it with a face pack to get a glowing & radiant rose like skin. It is 100% natural, safe and effective remedy for all skin types.",65,75,Dabur,https://lh3.google.com/u/0/d/1gWy06xvGuZKwDELbayTFBOENPBqxv8Pn=w948-h948-p-k-nu-iv1,Health & Beauty,Cosmetics ,1000
kb-0247,Himalaya Fresh Start Oil Clear Face Wash Strawberry 100ml,"The fragrance is mild. It is great for acne prone skin as it contains salicylic acid and It works on acne control. It also cleanses dirt and impurities from the skin and leaves it fresh, squeaky-clean. Skin looks oil-free, non-sticky and clear too. It also can control oil but somehow it is less effective than the rest of the three variants. Hence, this is a perfect everyday cleanser. Country of Origin - Bangladesh",140,150,Himalaya,https://lh3.google.com/u/0/d/1gHQN7CBnuOqPv3pt0Dt6GTyyddTHKiT8=w948-h948-p-k-nu-iv1,Health & Beauty,Skin Care ,1000
kb-0248,Fogg Body Spray Napoleon 120 ml,Ensures you 800 sprays Consists of refreshing Long lasting fragrance. Give it a good hard shake first to make sure all the ingredients are mixed together before you spray it. You should hold the can approximately 15cm from your body as you spray it.,320,330,Fogg,https://lh3.google.com/u/0/d/1MkXGjfciLUdl4zrzGMnoymMIzDUDiX_H=w948-h948-p-k-nu-iv1,Health & Beauty,Deodorants,1000
kb-0249,Gillette Shaving Foam Regular 196 gm,"Extra rich, creamy lather spreads evenly and rinses easily to leave skin feeling soft and smooth Gillette Foamy shaving products feature Gillette Comfort Glide Formula - including Glycerine to hydrate and special lubricants to enhance razor glide for a smooth, comfortable shave. Thick, extra rich, creamy lather for a shave that’s as fresh as daisy.",290,300,Gillette,https://lh3.google.com/u/0/d/1WGMpR2XIer6YmY8wJA85abYMrjb2h0HI=w948-h948-p-k-nu-iv1,Health & Beauty,Shaving & Facial Care,1000
kb-0250,Fogg Body Spray Marco 120 ml,Ensures you 800 sprays Consists of refreshing Long lasting fragrance. Give it a good hard shake first to make sure all the ingredients are mixed together before you spray it. You should hold the can approximately 15cm from your body as you spray it.,320,330,Fogg,https://lh3.google.com/u/0/d/1GnfEkcMxBwVNcPehZBz05CLL0mCeDnP0=w948-h948-p-k-nu-iv1,Health & Beauty,Deodorants,1000
kb-0251,Glow & Lovely Multi Vitamin Cream 100 gm,"Glow & Lovely Multivitamin Face Cream formerly known as Fair & Lovely, is a daily moisturiser that gives you a radiant glow, skin clarity and brightness.",230,240,Fair&Lovely,https://lh3.google.com/u/0/d/1z1zyBUxDXegxPncy7ZCPXNvHVn5oa2e7=w948-h948-p-k-nu-iv1,Health & Beauty,Skin Care ,1000
kb-0252,Savlon Antiseptic Aloevera Handwash 250 ml,"Savlon Hand Wash has successfully created lot of enthusiasm among consumers through the attractive fragrance, color and efficacy.",85,95,Savlon,https://lh3.google.com/u/0/d/1R3WmltmqCxpHW62vWSz1K9tH0KPU4WKX=w948-h948-p-k-nu-iv1,Health & Beauty,Health & Hygiene ,1000
kb-0253,Irish Spring Original Body Wash 532 ml,Everyone appreciates a classic. Shower like a true Irishman and get fresh and clean with Irish Spring Original Body Wash Fresh scent and rich lathering formula will leave you clean as a whistle Odor Neutralization Technology keeps you fresh for 24 hours.,820,830,Irish Spring,https://lh3.google.com/u/0/d/1spotf1NGITI0Qcp-nqDY5lfhhabTw2Fi=w948-h948-p-k-nu-iv1,Health & Beauty,Bath & Body,1000
kb-0254,Irish Spring Deep Action Scrub Body Wash 532 ml,Exfoliating ingredients give your skin the deep clean it craves. Crisp and fresh scent exhilarates the senses. Odor Neutralization Technology. Keeps you fresh for 24 hours.,820,830,Irish Spring,https://lh3.google.com/u/0/d/1GJVG5ghXAp4WhcW0pL6oXs6Quqp8XKps=w948-h948-p-k-nu-iv1,Health & Beauty,Bath & Body,1000
kb-0255,Dettol Anti Bacterial Wet Wipes 10 pcs,"Dettol's trusted anti-bacterial ingredients kill 99.9% of harmful germs. Protects from a wide range of unseen germs. Soft, textured fabric gently cleanses your skin without irritation. Pre-moisturised with purified water. Alcohol free, optical brightener free, formaldehyde free.",65,75,Dettol,https://lh3.google.com/u/0/d/1jm_OiOQ0ZhTkiSzt1k100lOsuckNYW7_=w948-h948-p-k-nu-iv1,Health & Beauty,Health & Hygiene ,1000
kb-0256,Tresemme Botanique Conditioner 190 ml,"Launched in 1948, TRESemmé was named after renowned hair care expert Edna Emmé. Up until the 1950's, TRESemmé was sold only in salons. Today it is available at a shop near you, so that you can have salon style hair at home. For over 60 years, TRESemmé has built a history of success in 13 countries around the world. From its origins in 1947 and salon expertise, TRESemme has been driven by a simple truth: every woman deserves to look & feel fabulous, like she has just stepped out of the salon, everyday. This range has been carefully selected for its advanced formula. Driven by our salon heritage, we work with our stylists to deliver expert solutions from salon quality products without the salon price tag. Our expertly crafted system is infused with rich botanical blend of olive oil and camelia oil. The system gently cleanses and nourishes hair, leaving hair feeling moisturized and beautifully soft. No parabens. No Dyes. Safe for color-treated hair. Apply to wet hair, gently massage into scalp and work into a lather. Rinse thoroughly from roots to tips.",290,300,Tresemme,https://lh3.google.com/u/0/d/1V1HczQtk3DoSQph7-2PG3N82JZGI1uV1=w948-h948-p-k-nu-iv1,Health & Beauty,Shampoo & Hair Care,1000
kb-0257,Listerine Mouthwash Cool Mint (Thai) 250 ml,"Listerine Original Mouthwash reaches all parts of your mouth and removes 99.9% germs to help prevent gum problem, bad breath, & plaque. • Unique formula with 4 Essential Oils deeply penetrates to remove the bacteria in the plaque biofilm • Listerine helps reduce gum problems in 2 weeks How to use: • Rinse with undiluted (do not mix it with water) 20ml twice a day for 30 seconds. • Don't rinse mouth with water or eat and drink anything for 30 minutes’ post rinse.",385,395,Listerine,https://lh3.google.com/u/0/d/1WypzIpdqyjOFJyAXl41fkWyXzOpe-cIs=w948-h948-p-k-nu-iv1,Health & Beauty,Toothpaste & Oral Care ,1000
kb-0258,Gillette Mach3 New Blade Razor 1 Count,"Gillette Mach3 razor, built for precision and made for comfort, features stronger-than-steel blades that stay sharper longer.",415,425,Gillette,https://lh3.google.com/u/0/d/1ZIWiADdOijMRsVZa-jaBFf1hsHHAFmIm=w948-h948-p-k-nu-iv1,Health & Beauty,Shaving & Facial Care,1000
kb-0259,Himalaya Men Power Glow Licorice Face Wash 100 ml,"Himalaya Men Power Glow Licorice Face Wash is a soap-free, herbal formulation that gently cleanses the face It is a fine blend of Licorice, Alfalfa and Wood Apple which helps enhance the complexion and bring about a natural glow It is powered with Active Boost Technology that increases the penetration of actives and helps in the rapid action of herbs. Country of Origin - Bangladesh.",189,199,Himalaya,https://lh3.google.com/u/0/d/1VNReVYnpi2dg7Tn8HDH7Ld0j-8dxict6=w948-h948-p-k-nu-iv1,Health & Beauty,Skin Care ,1000
kb-0260,EverGlow Men Intense White Face Wash 100 ml,"Cooling menthol gives your skin a charge of energy, moisturizer, deep cleansing pores, oil free control and Anti-Acne. Formulated with potent ingredients for your skin whitening and energy boost up, the regular using helps your skin soft, smooth radiant and youthful appearences.",240,250,EverGlow,https://lh3.google.com/u/0/d/1NwE-CIBT8t74e7dCpvFyLMTDZ3iRml5H=w948-h948-p-k-nu-iv1,Health & Beauty,Skin Care ,1000
kb-0261,Vaseline Healthy Bright UV Extra Brightening Lotion Pump 400 ml,"Vaseline Healthy White skin lightening body lotion is clinically proven for radiant, naturally lighter skin in as early as 2 weeks. With active whiteniing system. Vitamin B3 to help bring out naturally fair skin. Triple sunscreen to help prevent further darkening.",840,850,Vaseline,https://lh3.google.com/u/0/d/1BJ2PLuEDlrUVrF6MbE46zmRWdmuE-uXN=w948-h948-p-k-nu-iv1,Health & Beauty,Skin Care ,1000
kb-0262,Savlon Instant Hand Sanitizer 50 ml,Savlon Instant Hand Sanitizer is an advanced solution for promptly and effortlessly cleaning hands.,70,80,Savlon,https://lh3.google.com/u/0/d/1RxymVUv1bzFAtlt9lh-UZp0wfqc60yAS=w948-h948-p-k-nu-iv1,Health & Beauty,Health & Hygiene ,1000
kb-0263,Sunsilk Lusciously Thick & Long Shampoo 180 ml,"Sunsilk Lusciously Thick & Long shampoo, for visibly thicker hair that bounces with you! Thick & long hair is every Indian girl’s dream. Sunsilk Lusciously Thick & Long shampoo is Co-created with Teddy Charles, Hair Style Expert. Teddy Charles embodies Big Hair. He has been creating fabulous looks since he was a teenager & has a world-class range of high profile partnerships. More bounce, more life! Sunsilk Lusciously Thick & Long shampoo’s exclusive formula, is enriched with Keratin Yoghurt & nutrients, makes your hair look fuller, with more body and more bounce. So you have your hair always on your side. So when your hair is visibly thick, take your own hairstyle pick. For best results follow up with use of Sunsilk Lusciously Thick & Long conditioner. The conditioner comes with revolutionary conditioner technology for more manageability than ever before. Using a conditioner and using it correctly, can make a difference to hair. By conditioning your hair you are ensuring that it behaves just like you want it to, every time you style it. Sunsilk Lusciously Thick & Long Shampoo gives you the freedom to style your hair the way you want.",190,200,Sunsilk,https://lh3.google.com/u/0/d/1vXt_Pnz3WTVMSZXJ_XpeOu5kUqT_6zVp=w948-h948-p-k-nu-iv1,Health & Beauty,Shampoo & Hair Care,1000
kb-0264,Bells Almond Oil 70 ml,"Bell's Almond Oil 70ml is for culinary use in dressings and salads, however, almond oil can prove quite beneficial for skincare. Almond oil is rich in all kinds of nutrients, antioxidants, and vitamins. These are great for the body, whether you choose to consume it or use it on your skin. It helps boost the vitality of skin complexion while softening and soothing rough dry skin.",140,150,Bells,https://lh3.google.com/u/0/d/1lZIPGpLJ1Ipn9SenuPHnQiYVx_FBV8R2=w948-h948-p-k-nu-iv1,Health & Beauty,Shampoo & Hair Care,1000
kb-0265,Himalaya Purifying Neem Face Wash 150ml,Clinically Proven Pimple-free Healthy Skin Expert Himalaya's Purifying Neem Facewash is a soap-free formulation that cleans impurities and helps clear pimples. Country of Origin - Bangladesh,215,225,Himalaya,https://lh3.google.com/u/0/d/1LU4hcRXmeqIzzxl8U0CTPxO5arxSBjdE=w948-h948-p-k-nu-iv1,Health & Beauty,Shaving & Facial Care,1000
kb-0266,Dettol Cool Soap 125 gm,"Dettol Cool Soap combines trusted Dettol protection from germs with added menthol to protect and refresh. It gently cleanses & cools your skin for a revitalizing, hygienic clean that leaves you feeling healthy and refreshed. Dettol Cool is a Grade 1 Soap- providing the best value for your purchase. Recommended by Doctors of Bangladesh Private Medical Practitioners Association (BPMPA).",60,70,Dettol,https://lh3.google.com/u/0/d/1qubxJvK4vffXcu5-_AS6zvDOKOasnt6m=w948-h948-p-k-nu-iv1,Health & Beauty,Bath & Body,1000
kb-0267,Jui Hair Care Oil 350 ml,100% pure and free from added fragrance and added color! The best quality refined coconut oil that makes your hair naturally soft and healthy. Enriched with vitamin E.,250,260,Jui,https://lh3.google.com/u/0/d/1pAXkKOEOH6j7TPbnsjBMlGxMAlhoVZC0=w948-h948-p-k-nu-iv1,Health & Beauty,Shampoo & Hair Care,1000
kb-0268,Pantene Silky Smooth Care Shampoo 180 ml,The Pantene Silky Smooth Care Shampoo is formulated with active ingredients that deeply penetrate into your hair. Besides adding the perfect amount of moisture to your hair.,230,240,Pantene,https://lh3.google.com/u/0/d/1DcTfZTrtTwasbl-mwyASR3TS6oq1g1wR=w948-h948-p-k-nu-iv1,Health & Beauty,Shampoo & Hair Care,1000
kb-0269,Clear Cool Sport Menthol Anti Dandruff Shampoo Men 180 ml,"New Clear Men shampoos are formulsted with Taurine and Triple Anti-Dandruff Technology to activate scalp's self-defence** to remove, resist and prevent dandruff* from coming back. End recurring dandruff concern* with CLEAR. Specially made for men, CLEAR Men Cool Sport Menthol Shampoo is infused with Menthol to thoroughly remove all traces of grime, grease and dandruff on your hair and scalp, while providing a cooling sensation that keeps your hair and scalp feeling fresh. Achieve those power lifts without worrying about your scalp. Short DescriptionProvides cooling sensation that keep your hair and scalp feeling fresh all day.",250,260,Clear,https://lh3.google.com/u/0/d/1aUY5DK84ljpQlRiO-oiAY39S6TAPbnsP=w948-h948-p-k-nu-iv1,Health & Beauty,Shampoo & Hair Care,1000
kb-0270,Oral-B Essential Dental Floss 50 mtr,Cleans where your brush can't reach - Waxed dental floss - Shred-resistant - Removes plaque-bacteria in interdental space and at the gum line - Thin and easy to slide through hollow core technology - Promotes,245,255,Oral-B,https://lh3.google.com/u/0/d/1vD4u_9mjQFVkCZrznyRCJ0nLwfp2ybTx=w948-h948-p-k-nu-iv1,Health & Beauty,Toothpaste & Oral Care ,1000
kb-0271,Nivea Men Deep Impact Comfort After Shave Lotion 100 ml,The powerful antibacterial formula comforts the skin after shaving. It prevents the skin from drying out so that you can face every challenge. Its woody masculine fragrance keeps you prepared to make a deep impact in your every move.,365,375,Nivea,https://lh3.google.com/u/0/d/1s0C98SiETe7D_fm82itEi1L5DOWqGj08=w948-h948-p-k-nu-iv1,Health & Beauty,Shaving & Facial Care,1000
kb-0272,Nivea Water Lily & Oil Shower Gel 250 ml,Discover the best out of two worlds under the shower - Immediate freshness and rich care. Refresh your senses withwater lily & oil - for the unique sensation of a fresh well-cared skin.,400,410,Nivea,https://lh3.google.com/u/0/d/1hCIwSuBghJEIz_d7lW3iybQ72i9vwfC3=w948-h948-p-k-nu-iv1,Health & Beauty,Bath & Body,1000
kb-0273,Lifebuoy Total 10 Hand Wash (Pump) 200 ml,"Lifebuoy Total 10 Hand Wash makes hand washing quicker and more effective than ever before! The Total 10 handwash contains advanced germ protection ingredient, Activ Naturol Shield, and gives 99.9% germ protection in just 10 seconds! Lifebuoy Total 10 Hand wash prevents the spread of germs, keeping the family safe from infection causing germs. It is specially designed to give you and your family superior germ protection. So now stay 1 step ahead of infections, and keep your hands clean and healthy. Kids nowadays are Superfast. They are always in a hurry, even at hand washing. Ordinary Soap takes up to 1 minute to kill germs – but do Kids wash their hands for 1 whole minute? Not ours! That’s why we created Lifebuoy Total 10 Germ Protection Hand wash Liquid – the Superfast hand wash for Superfast kids! Powered by our Activ Naturol Shield formula, it kills 99.9% Germs in just 10 seconds, providing superfast hand protection to keep your kids 1 step ahead of infections such as typhoid, cholera, colds and flus. So now, don’t worry about whether they are washing their hands for long enough with Slow Soap! Handwashing at five key moments in the day (washing hands after going to the toilet, before breakfast, lunch and dinner, and while having a bath) with Lifebuoy Total 10 antibacterial handwash will keep your kids protected from germs and diseases as well as make their hands smell great! Bring home this handy 200ml pump pack and enjoy germ-free fresh hands. Its pump bottle packaging makes it convenient and hygienic to use for the whole family.",90,100,Lifebuoy,https://lh3.google.com/u/0/d/12kSeZhrCowY-jkDYjuBXn_MK7MbvVVgr=w948-h948-p-k-nu-iv1,Health & Beauty,Health & Hygiene ,1000
kb-0274,Colgate Visible White Toothpaste Mint 100 gm,"Colgate advanced is more than just a toothpaste. It not only offers protection, but also improves your dental condition.",270,280,Colgate,https://lh3.google.com/u/0/d/1Ht1X4kmfBwc668f0vUoeoOLYjFyVcmvT=w948-h948-p-k-nu-iv1,Health & Beauty,Toothpaste & Oral Care ,1000
kb-0275,Dettol Soap Original 125 gm,Dettol Soap provides everyday protection and more hygenic to use then soaps. It protects the whole family from infections and germs. Kills germs and provides 10 times more protection than any other soaps.,75,85,Dettol,https://lh3.google.com/u/0/d/1ybJxiy2lWFJclkRqzSCX7nArDvVEyAZ-=w948-h948-p-k-nu-iv1,Health & Beauty,Bath & Body,1000
kb-0276,Denim Original After Shave Lotion 100 ml,"Denim ORIGINAL , a sophisticated fragrance with citrusy, woody and Moschuss-elements in an invigorating aftershave. DENIM ORIGINAL aftershave has moisturizing properties that their skin carefully after shave care. You will experience a feeling of freshness with the exclusive scent of DENIM ORIGINAL .",385,395,Denim,https://lh3.google.com/u/0/d/1vn1sCXfxLvRkdNnc_eSfl4VuJG32Zszh=w948-h948-p-k-nu-iv1,Health & Beauty,Shaving & Facial Care,1000
kb-0277,Dove Hair Fall Rescue Conditioner 180±10 ml,"Nourishes thinning hair and reduces hair fall Reduces hair fall by up to 98% for visibly fuller results Formulated with Nutrilock actives Provides both instant and long-term results Instantly detangles, reduces frizz and improves manageability Suitable for daily use.",270,280,Dove,https://lh3.google.com/u/0/d/1ipn0R5I829Y_6b5n3oSSIrktFfg31Yqf=w948-h948-p-k-nu-iv1,Health & Beauty,Shampoo & Hair Care,1000
kb-0278,Sunsilk Healthy Growth Shampoo 350 ml,For Longer & Healthy Hair. Infused with biotin. Helps reduce hair breakage. For Longer & Healthy Hair as gorgeous as you are Deeply nourishes hair from root to tip.,345,355,Sunsilk,https://lh3.google.com/u/0/d/1Vzat_J_OmkRhwl0jtnpEIiQNfyv9rQi7=w948-h948-p-k-nu-iv1,Health & Beauty,Shampoo & Hair Care,1000
kb-0279,Emami 7 Oils Non Sticky Hair Oil 200 ml,Emami 7 oils in one is light non sticky hair oil comes with wholesome goodness of 7 unique oils which makes your hair Strong Inside and Set Outside. It penetrates deeper  into scalp providing nourishment from root. 1) Makes hair upto 20X Stronger. 2) Keeps hair All Day Set. 3) Suitable for all hair types.,380,390,Emami,https://lh3.google.com/u/0/d/16m8zbs38d_xIQIqcLybVO8kvtFlpWJmc=w948-h948-p-k-nu-iv1,Health & Beauty,Shampoo & Hair Care,1000
kb-0280,Tresemme Nourish & Replenish Shampoo 185 ml,Botanique Nourishing and Replenish Shampoo infused with coconut milk and aloe Vera simultaneously smooth s and silken for healthy-looking hair.,250,260,Tresemme,https://lh3.google.com/u/0/d/1inS1hO-jnM1Cdx6azme8QBbZgD9GjGeE=w948-h948-p-k-nu-iv1,Health & Beauty,Shampoo & Hair Care,1000
kb-0281,Pantene Total Damage Care Shampoo 340 ml,Pantene advanced hair fall solution total damage care shampoo with the revolutionary science of pro-v formula. It strengthens your hair from root to tip and reduces hair fall for more open hair days. This formula repairs damaged hair prone to split-ends and prevents hair fall. The new Pantene advanced hair fall solution also provides protection against hair breakage and styling damage. For everyday use try it with the Pantene advanced hair fall solution conditioner and open hair miracle and experience more open hair days.Against styling damage vs non-conditioning shampoo due to breakage. Nourishes hair from root to tip and reduces hair-fall to give you more open hair days Repairs damaged hair prone to split-ends and prevents hair fall Reduces hair fall due to breakage and styling damage Use it with the Pantene advanced hair fall solution conditioner and open hair miracle for best results due to breakage against styling damage vs non-conditioning shampoo. For all hair types. Ideal For: Men and Women.,425,435,Pantene,https://lh3.google.com/u/0/d/1nCkZY_k37yPzCBLlX9V7_xi6l0ecTeW4=w948-h948-p-k-nu-iv1,Health & Beauty,Shampoo & Hair Care,1000
kb-0282,Armaf Tag Him Body Spray 200 ml,Armaf Tag Him is a refreshing gentle smelling body spray. Perfect for any occasion.,385,395,ARMAF,https://lh3.google.com/u/0/d/1ViwJBRhYMk6pZDk5f-l3hVx2lxV-nzAa=w948-h948-p-k-nu-iv1,Health & Beauty,Deodorants,1000
kb-0283,Gillette Series Shave Gel Sensitive 200±5 ml,The Gillette Series Sensitive Skin Shave gel helps in fighting 5 signs of irritation including  nicks/cuts burning stinging redness and tightness. It is powered with 3x action formula that ensures the  hydration protection and soothening  of your skin. Enriched with Aloe vera the shaving gel ensures your  skin is left with a smooth supple after shave experience GOODBYE IRRITATION: Fights 5 signs of irritation with 3x action formulaâ€‹ â€‹ RICH LATHER: The rich lather and lubricants that protect your skin andÂ give the smoothest glide MOISTURISED SKIN: Aloe enriched Ultra moisturizing Formula.,485,495,Gillette,https://lh3.google.com/u/0/d/1uksA2VDLFsFnhJnu99xF_-b19zSuqCKZ=w948-h948-p-k-nu-iv1,Health & Beauty,Shaving & Facial Care,1000
kb-0284,Sunsilk Perfect Straight Shampoo 350 ml,"Sunsilk Perfect Straight Shampoo, for lively, Straight hair that moves with you! There is a magic moment between wet & dry hair when your hair looks perfectly straight and beautifully aligned. Sunsilk Perfect Straight Shampoo is co-created with Yuko Yamashita, straight expert from Tokyo, Yuko has been a collaborator in producing breakthrough technology in hair care with Sunsilk and continues to give her inside scoop on how to achieve perfect straight hair, starting in the shower. Hairtends to frizz and lose its straightness as it dries. An exclusive formula bringing life to straight hair. With silk protein, gently locks in the alignment of hair strands keeping them straighter & fully aligned as they dry. Hair So vibrant, silky and full of movement. For best results follow up with use of Sunsilk Perfect Straight conditioner.",370,380,Sunsilk,https://lh3.google.com/u/0/d/1zz3zpc9nmNZNngrQ4gOrrsBSSUoHnoEt=w948-h948-p-k-nu-iv1,Health & Beauty,Shampoo & Hair Care,1000
kb-0285,Milky Pure milk 500 ml, Milk is produced in our own farm . We care about your safty,45,55,Milky ,https://drive.google.com/drive/u/2/folders/10zFHdLX52gWFZWnwQuP_6TZbp-Y78yMv,Milky ,Dairy ,1000
kb-0286,Milky Pure milk 1000 ml, Milk is produced in our own farm . We care about your safty,85,95,Milky ,https://drive.google.com/file/d/1wZUAZg8QKU2Gg5GcemnPES4Vv5be8tHn/view?usp=share_link,Milky ,Dairy ,1000